-- phpMyAdmin SQL Dump
-- version 4.7.1
-- https://www.phpmyadmin.net/
--
-- Hôte : localhost:8889
-- Généré le :  mar. 26 sep. 2017 à 18:35
-- Version du serveur :  5.6.35
-- Version de PHP :  7.1.1

SET SQL_MODE = "NO_AUTO_VALUE_ON_ZERO";
SET time_zone = "+00:00";


/*!40101 SET @OLD_CHARACTER_SET_CLIENT=@@CHARACTER_SET_CLIENT */;
/*!40101 SET @OLD_CHARACTER_SET_RESULTS=@@CHARACTER_SET_RESULTS */;
/*!40101 SET @OLD_COLLATION_CONNECTION=@@COLLATION_CONNECTION */;
/*!40101 SET NAMES utf8mb4 */;

--
-- Base de données :  `PROJET_ETUDIANTS`
--
CREATE DATABASE IF NOT EXISTS `PROJET_ETUDIANTS` DEFAULT CHARACTER SET utf8 COLLATE utf8_general_ci;
USE `PROJET_ETUDIANTS`;

-- --------------------------------------------------------

--
-- Structure de la table `candidat`
--

CREATE TABLE `candidat` (
  `candidat_id` int(11) NOT NULL,
  `Nom` varchar(25) DEFAULT NULL,
  `Prenom` varchar(25) DEFAULT NULL,
  `Date_Naissance` date DEFAULT NULL,
  `Nationalité` varchar(25) DEFAULT NULL,
  `Adresse` varchar(255) DEFAULT NULL,
  `CP` int(11) NOT NULL,
  `Ville` varchar(25) DEFAULT NULL,
  `Formation_précédente` varchar(255) DEFAULT NULL,
  `promotion` int(11) NOT NULL,
  `Mail` varchar(255) DEFAULT NULL,
  `Téléphone` varchar(255) DEFAULT NULL
) ENGINE=InnoDB DEFAULT CHARSET=utf8;

-- --------------------------------------------------------

--
-- Structure de la table `documents`
--

CREATE TABLE `documents` (
  `id_doc` int(5) NOT NULL,
  `titre_doc` varchar(50) COLLATE latin1_general_ci DEFAULT NULL,
  `type_doc` varchar(50) COLLATE latin1_general_ci DEFAULT NULL,
  `description_doc` text COLLATE latin1_general_ci NOT NULL,
  `mots_cles_doc` text COLLATE latin1_general_ci,
  `langue_doc` varchar(10) COLLATE latin1_general_ci DEFAULT NULL,
  `date_publi_doc` text COLLATE latin1_general_ci,
  `date_envoi_doc` text COLLATE latin1_general_ci,
  `nom_fichier` varchar(70) COLLATE latin1_general_ci DEFAULT NULL
) ENGINE=MyISAM DEFAULT CHARSET=latin1 COLLATE=latin1_general_ci;

--
-- Déchargement des données de la table `documents`
--

INSERT INTO `documents` (`id_doc`, `titre_doc`, `type_doc`, `description_doc`, `mots_cles_doc`, `langue_doc`, `date_publi_doc`, `date_envoi_doc`, `nom_fichier`) VALUES
(16822, 'test', 'test', '', '', 'Français', '2017-08-15', '2017-08-15', NULL),
(16823, 'test du jour', 'csv', 'exemple1', 'exemple1', 'Français', '2017-09-03', NULL, '59ac3f39bf35c.zip');

-- --------------------------------------------------------

--
-- Structure de la table `documents2etudiants2missions`
--

CREATE TABLE `documents2etudiants2missions` (
  `id_doc` int(5) NOT NULL,
  `id_etu` int(5) NOT NULL,
  `id_mission` int(4) NOT NULL
) ENGINE=MyISAM DEFAULT CHARSET=latin1;

--
-- Déchargement des données de la table `documents2etudiants2missions`
--

INSERT INTO `documents2etudiants2missions` (`id_doc`, `id_etu`, `id_mission`) VALUES
(16818, 0, 0),
(16819, 0, 0),
(16824, 0, 0),
(16825, 0, 0),
(16826, 0, 0),
(16827, 0, 0),
(16828, 0, 0),
(16829, 0, 0),
(16823, 0, 0);

-- --------------------------------------------------------

--
-- Structure de la table `emploi`
--

CREATE TABLE `emploi` (
  `emploi_id` int(11) NOT NULL,
  `Nom` varchar(45) DEFAULT NULL,
  `Prenom` varchar(45) DEFAULT NULL,
  `Entreprise` varchar(255) DEFAULT NULL,
  `Poste` varchar(255) DEFAULT NULL,
  `Region` varchar(45) DEFAULT NULL,
  `idEntreprise` int(11) NOT NULL
) ENGINE=InnoDB DEFAULT CHARSET=utf8;

--
-- Déchargement des données de la table `emploi`
--

INSERT INTO `emploi` (`emploi_id`, `Nom`, `Prenom`, `Entreprise`, `Poste`, `Region`, `idEntreprise`) VALUES
(1, 'AOULAD HADJ', 'Mohammed', NULL, NULL, NULL, 0),
(2, 'BARBIER Donique', 'Raymonde', 'SOLENDO', 'Gérante', 'Chambéry', 0),
(3, 'BENI AICH', 'Jean-Paul', 'Education Nationale', 'Ingenieur D\'études', 'Saint-Étienne', 0),
(4, 'CELLERIER', 'Sylvain', NULL, 'Consultant PMO et Gestion de Projet - PMP', 'Paris', 0),
(5, 'CHEVRIER', 'Jean-Cristophe', 'Gefco Sa', 'Responsable Gestion Administrative Du Personnel', 'Paris', 0),
(6, 'COUDERT', 'Gabrielle', NULL, NULL, NULL, 0),
(7, 'ESCUDIE', 'Latitia', NULL, NULL, NULL, 0),
(8, 'PACAUD', 'Philippe', 'ministère de l\'environnement de l énergie et de la mer', 'Chargé de mission', 'Lyon', 0),
(9, 'VINCENT', 'Monique', 'GIPS - GIE', 'Ingénieur', 'Lyon', 0),
(10, 'TEYSSIER', 'Franck', NULL, NULL, NULL, 0),
(11, 'TYHFIA', 'Ahmed', NULL, NULL, NULL, 0),
(12, 'DUBOIS', 'Laurent', NULL, NULL, NULL, 0),
(13, 'Bucher', 'Maxime', 'Décathlon Bike Hall', 'Responsable De Rayon', 'Paris', 0),
(14, 'Chaumaiziere', 'Anne', NULL, NULL, NULL, 0),
(15, 'Cinquin', 'Adeline', NULL, NULL, NULL, 0),
(16, 'Clamens', 'Severine', 'Supply Chain Project Consulting', 'Travailleur indépendant du secteur Conseil en management', 'Paris', 0),
(17, 'Damiron', 'cecile', '1 Point 2', 'Chargée D\'études', NULL, 0),
(18, 'Di Palma', 'Serge', NULL, NULL, NULL, 0),
(19, 'FAURE', 'Jean Dominique', 'Renault  Véhicules Industriels', 'Ingénieur Datawarehouse', 'Venissieux', 0),
(20, 'Goyet', 'valerie', 'Data Mag', 'Analyste Programmeur', 'Lyon', 0),
(21, 'Grimand', 'Stephane', 'Boiron France', 'Coordinateur technique en Production', 'Lyon', 0),
(22, 'Guyonnet', 'Cecile', 'Isig', 'Analyste Programmeur', NULL, 0),
(23, 'Neveu', 'Mathieu', 'Cnrs - Gate', 'Responsable De Service Informatique', NULL, 0),
(24, 'Prous', 'Elsa', 'Bms (bristol Mayers Squibb)', 'Finance Manager - Greece', 'Lyon', 0),
(25, 'Richonnier', 'Olivier', NULL, NULL, NULL, 0),
(26, 'Semhoun Yves', 'Issac', 'Yad informatique', 'Owner', 'Lyon', 0),
(27, 'Torres', 'Sophie', 'France Telecom', 'Gestionnaire Chargée De Projets', 'Lyon', 0),
(28, 'Yaiche', 'Roxanne', NULL, NULL, NULL, 0),
(29, 'LE TRONG', 'Hieu', NULL, NULL, NULL, 0),
(30, 'AUDOYNAUD', 'Jean-Philippe', 'Cognos', 'Consultant Avant-ventes', 'Paris', 0),
(31, 'BADEY', 'Franciane', 'CRAM RHÔNE ALPES', ' DÉVELOPPEUSE', 'Lyon', 0),
(32, 'CHUZEVILLE', 'Carine', 'Banque San Paulo', 'Chargée D\'études', 'Bordeaux', 0),
(33, 'COURTIERE', 'Charlotte', NULL, NULL, NULL, 0),
(34, 'ESCUDIE', 'Marie-Julie', 'Logica', 'Concepteur Fonctionnel', 'Caluire-et-cuire', 0),
(35, 'GUILLOT', 'Magalie', 'Bi Consulting', 'Consultante Décisionnelle', 'Lyon', 0),
(36, 'JACQUES-SEBASTIEN', 'Emmanuel', 'Micropole Univers', 'Chef De Projet / Internet - Intranet - Extranet', 'Villeneuve d\'asc', 0),
(37, 'KHAMARI ', 'Oum', 'ALLERGAN FRANCE', 'Responsable des relations médico-économiques hospitalières', 'Paris', 0),
(38, 'KLING', 'Gaelle', NULL, NULL, NULL, 0),
(39, 'LIZOT', 'Ludovic', 'Syncer', 'Directeur De Projet', 'Lyon', 0),
(40, 'LOUIS', 'Lucie', NULL, NULL, NULL, 0),
(41, 'MARIE', 'Antoine', NULL, NULL, NULL, 0),
(42, 'MAURY', 'Cedric', NULL, NULL, NULL, 0),
(43, 'MONTIEL', 'Frederique', NULL, NULL, NULL, 0),
(44, 'NHEM', 'Sovattha', 'Médiamétrie', 'Chef De Projet', 'Genève, Suisse', 0),
(45, 'OULD BAKAR', 'Mohamed', NULL, NULL, NULL, 0),
(46, 'SOUBRANE', 'Benoit', 'Intm Sas', 'Directeur De Département', 'Lyon', 0),
(47, 'VIDEMANN', 'Fabienne', NULL, NULL, NULL, 0),
(48, 'BALLAND', 'Edwige', NULL, NULL, NULL, 0),
(49, 'BARIOD', 'Pascale', NULL, NULL, NULL, 0),
(50, 'BLANCHET', 'Arnaud', 'Keyrus (anciennement Actiware)', 'Business Consultant', 'Lyon', 0),
(51, 'BOIS', 'Astrid', 'Algoriel', 'Administrateur', NULL, 0),
(52, 'CASTELNEAU', 'Xavier', NULL, NULL, NULL, 0),
(53, 'DISSANE', 'Audrey', 'Atos Origin Branche Cms', 'Administrateur Bd', NULL, 0),
(54, 'EHRHARDT', 'Marie-noelle', 'Micropole Univers', 'Ingénieur D\'études', 'Strasbourg', 0),
(55, 'FLAMENT', 'THOMAS', 'Crédit Agricole Sa', 'Directeur De Projet Moa Ressources Humaines', 'La rochelle', 0),
(56, 'GAMET', 'Valerie', NULL, NULL, NULL, 0),
(57, 'GHOUAIEL', 'Mariem', 'Alti Sa', 'Chef De Projet Sap Bi', 'Tunis, Tunisie', 0),
(58, 'LAMBERT', 'Jean-Christophe', 'BNP Paribas', 'Business Intelligence & ETL Senior Consultant ', 'Paris', 0),
(59, 'MAROT', 'Emmanuelle', 'Expertise Informatique', 'Ingénieur D\'études', 'Strasbourg', 0),
(60, 'MAXIT', 'Nathalie', 'Phillip Morris International', 'Is Senior Analyst', 'Genève, Suisse', 0),
(61, 'NAIM', 'Anis', 'Open', 'Consultant informatique', 'Lyon', 0),
(62, 'SCHVAN', 'Edith', 'Ibm', 'Consultant Décisionnel', NULL, 0),
(63, 'ZHANG', 'Kemiao', NULL, NULL, NULL, 0),
(64, 'ACQUAVIVA', 'Nadine', NULL, NULL, NULL, 0),
(65, 'AMOUYAL', 'Frederic', 'Astek', 'Ingénieur D\'études', NULL, 0),
(66, 'BAH', 'Boubacar', 'Cap Gemini', 'Ingénieur Projet', NULL, 0),
(67, 'BELLAGI', 'Hatem', 'Id Soft', 'Co-gérant D\'une Ssii', 'Nouvelle-Caledonie', 0),
(68, 'BERNON', 'Stephane', 'Napstec', 'Chef De Projet Senior', NULL, 0),
(69, 'CARNET', 'Cyril', 'Micropole Univers', 'Ingénieur D\'étude', NULL, 0),
(70, 'CAVAGLIA', 'Carole', 'Axa Global Risk', NULL, NULL, 0),
(71, 'CHHAY', 'Khunlong', 'Université Royale De Droit Et De Sciences Economiques, Phnom Penh', 'Enseignant', NULL, 0),
(72, 'ELKHOBZI', 'Hamid', 'Cgbi', 'Ingénieur En Informatique Banque Et Finance', 'Paris', 0),
(73, 'FICHET', 'Carole', 'ASI', 'Chef de Projet Décisionnel ', 'Lyon', 0),
(74, 'FOUCART', 'Cyndi', 'Sopra Business Consulting', 'Consultant Business Intelligence', NULL, 0),
(75, 'GAGNON', 'Benoit', 'Miuros', 'CEO, Co-Founder, miuros', 'Berlin, Allemagne\n\n\n', 0),
(76, 'LALUC', 'Renaud', NULL, NULL, NULL, 0),
(77, 'LAURENSON', 'Virginie', 'Mti Management Tools Informatiques', 'Consultante Bi', 'Genève, Suisse', 0),
(78, 'LO', 'Try', 'E.s.r. Expertises Systemes Et Reseaux', NULL, NULL, 0),
(79, 'PETTON', 'Helene', 'Micropole Univers', 'Ingénieur D\'études', 'Paris', 0),
(80, 'PORTENART', 'Sandrine', 'Micropole Univers', 'Consultant', NULL, 0),
(81, 'RICARD', 'Sandrine', NULL, NULL, NULL, 0),
(82, 'ROCHE', 'Magali', 'Groupe Sqli (agence De Lyon)', 'Ingénieur D\'études', NULL, 0),
(83, 'SCHEERENS', 'Wijnand', 'Cram', 'Administrateur Des Systemes D\'information', NULL, 0),
(84, 'SELMI', 'Dorsaf', 'BearingPoint', 'Manager BI - PMO', NULL, 0),
(85, 'THANGAVEL', 'Selvani', 'Société Calédonienne\nde Services', 'Directeur / Gérant SCSI-SKAZY, SCSI ', 'Nouvelle caledonie', 0),
(86, 'BLANC', 'Janick', NULL, NULL, NULL, 0),
(87, 'ORLANDO', 'Ludovic', NULL, NULL, NULL, 0),
(88, 'TOUZE', 'Marielle', NULL, NULL, NULL, 0),
(89, 'D HONDT', 'Sophie', 'April Assurances', 'Chargée D\\\'études Actuarielles', NULL, 0),
(90, 'GUESNON', 'Gabriel', 'Direction Départementale De L\'agriculture Et De La Fôret', 'Assistant Technique', NULL, 0),
(91, 'BOULBALLOUT', 'Fouad', 'Informatica', 'Consultant Après Vente', NULL, 0),
(92, 'EZZOUAK', 'Mohamed', 'Web Stratégie', 'Directeur Général (fondateur)', 'Rabat, Maroc', 0),
(93, 'ITCHAOU', 'Nafis', NULL, NULL, NULL, 0),
(94, 'SERRE', 'Audrey', NULL, NULL, NULL, 0),
(95, 'FAURE', 'Catherine', 'Société Générale', 'Chargée d\'études datamining', 'Venissieux', 0),
(96, 'LARCHER', 'THomas', NULL, NULL, NULL, 0),
(97, 'CAETANO', 'Sandrine', 'Urssaf Du Mans', 'Correspondant Statistique Régional', NULL, 0),
(98, 'CLOEREC', 'Gaelle', 'Groupama Loire Bretagne', 'Chargée D\\\'études', NULL, 0),
(99, 'MAR', 'Alfredos', NULL, NULL, NULL, 0),
(100, 'MOREAU', 'Hubert', NULL, NULL, NULL, 0),
(101, 'BESNIER', 'Josselin', 'Business  -  Decision', 'Chef De Projet', 'Marseille', 0),
(102, 'MORARD', 'Olivier', 'Keyrus Lyon', 'Ingénieur Conseil Projet', 'Lyon', 0),
(103, 'PISTRE', 'Eric', NULL, NULL, NULL, 0),
(104, 'MAREL', 'Stephanie', NULL, NULL, NULL, 0),
(105, 'PAYET', 'Fabien', NULL, NULL, NULL, 0),
(106, 'ROUCHER', 'Stephanie', NULL, NULL, NULL, 0),
(107, 'DUBOULOZ', 'Nicolas', NULL, NULL, NULL, 0),
(108, 'FIRANESCU - RADA', 'Luminata', NULL, NULL, NULL, 0),
(109, 'MAUFRAIS', 'Nicolas', 'Atos Euronext', 'Ingénieur D\'études', NULL, 0),
(110, 'PRIEUR', 'Julie', 'Crédit Lyonnais', 'Ingénieur D\'études Statistiques', NULL, 0),
(111, 'MAIELLARO', 'Virginie', NULL, NULL, NULL, 0),
(112, 'BAAZIZ', 'Sonia', NULL, NULL, NULL, 0),
(113, 'BES', 'Alexandra', NULL, NULL, NULL, 0),
(114, 'BRUNEL', 'Carine', 'Synolia', 'CEO', 'Lyon', 0),
(115, 'SANCHEZ', 'Frederic', 'Business  -  Decision', 'Chef De Projet Décisionnel', NULL, 0),
(116, 'THEBAULT', 'Julie', NULL, NULL, NULL, 0),
(117, 'ZIDANI', 'Rachid', NULL, NULL, NULL, 0),
(118, 'AIGOUY', 'Audreu', NULL, NULL, NULL, 0),
(119, 'TEXEIRA', 'Christian', NULL, NULL, NULL, 0),
(120, 'BOSCHER', 'Agnes', NULL, NULL, NULL, 0),
(121, 'ROMAN', 'Lise', NULL, NULL, NULL, 0),
(122, 'CHABROL', 'Nicolas', NULL, NULL, NULL, 0),
(123, 'YILMAZ', 'Fatma', 'Deutsche Bank', 'VP', 'Londres, Royaume-Uni', 0),
(124, 'SBAI', 'Houda', NULL, NULL, NULL, 0),
(125, 'BRUEGEL', 'Jonathan', NULL, NULL, NULL, 0),
(126, 'GESINA', 'Yann', NULL, NULL, NULL, 0),
(127, 'AKSOY', 'Alice', 'Banque Populaire Loire Et Lyonnais', 'Chargée D\'études Sociales', 'Lyon', 0),
(128, 'ALLE', 'Jean-Christophe', 'Business  -  Decision', 'Manager Bi', 'Lyon', 0),
(129, 'BEN GHARBIA', 'Ramzi', 'Banque De France', 'Expert BI', 'Paris', 0),
(130, 'BRUNEL', 'Pascal', NULL, NULL, NULL, 0),
(131, 'DUMAS', 'Vanessa', NULL, NULL, NULL, 0),
(132, 'GUENNOU', 'Jord', NULL, NULL, NULL, 0),
(133, 'GUERRIN Anne', 'Celine', NULL, NULL, NULL, 0),
(134, 'JOLIVET', 'Stephane', 'Crédit Agricole', 'Consultant Décisionnel', 'Paris', 0),
(135, 'JUISHOMME', NULL, NULL, NULL, NULL, 0),
(136, 'LENGLIZ', 'Mourad', 'BNP parisbas', 'Business Intelligence Project Manager', 'Paris', 0),
(137, 'MERAD', 'Boudjemaa', 'Caisse d\'Epargne', 'Directeur du Département Outils et Pilotage de la Performance', 'Lyon', 0),
(138, 'MOUROT', 'Julien', 'Vault Clinical', 'Practice Manager', 'Lyon', 0),
(139, 'PACANOWSKI', 'Arnaud', 'Cohris HARRY', 'Consultant ', 'Paris', 0),
(140, 'PAVLINIC', 'Nicolas', NULL, NULL, NULL, 0),
(141, 'PAYEN', 'Delphine', NULL, NULL, NULL, 0),
(142, 'PERRET', 'Severine', 'SNCF', 'Responsable operationnel Client', 'Lyon', 0),
(143, 'PERRIER', 'Jean-Philippe', 'Conservatoire National des Arts et Métiers', 'Project manager', 'Clermont-Ferrand', 0),
(144, 'PINCHINAT', 'Anne', NULL, NULL, NULL, 0),
(145, 'RAHMANI', 'Ismail', NULL, NULL, NULL, 0),
(146, 'TRIDEAU', 'Florence', NULL, NULL, NULL, 0),
(147, 'TURC', 'Marie', 'Microsoft France', 'Engagement Manager', 'Paris', 0),
(148, 'SILHADI', 'Samira', NULL, NULL, NULL, 0),
(149, 'ELZAIR', 'Walid', NULL, NULL, NULL, 0),
(150, 'AIT OUFKIR', 'Mounia', 'Agence Française De Développement', 'Admin. Fonctionnel Du Système Décisionnel', 'Paris', 0),
(151, 'AKDI', 'Nadia', 'Opéra Conseil', 'Consultante Amoa / Bi', NULL, 0),
(152, 'ARNAL', 'Carole', 'Logica', 'Ingénieur Analyste', NULL, 0),
(153, 'BUCLON', 'Myriam', 'Unilog It Services', 'Chef De Projet Moa', NULL, 0),
(154, 'CHABOUD', 'Laetitia', NULL, NULL, NULL, 0),
(155, 'CLELAND', 'Olivier', NULL, NULL, NULL, 0),
(156, 'CLERC', 'Frederic', 'Bayesia', 'Chef De Projet', NULL, 0),
(157, 'COHEN', 'Isabelle', NULL, NULL, NULL, 0),
(158, 'DELAVEAU', 'Alexia', NULL, NULL, NULL, 0),
(159, 'DEMBLOCQUE', 'Alban', 'ATIH', 'ATIH', 'Lyon', 0),
(160, 'DUFFROUX', 'Amandine', 'Groupe Isaip-esaip', 'Enseignant - Chercheur', 'La Rochelle', 0),
(161, 'EBURDY', 'Sevrine', NULL, NULL, NULL, 0),
(162, 'FAVRE', 'Cecile', 'Université Lyon 2', 'Enseignant Chercheur', NULL, 0),
(163, 'GARDE', 'Roxane', NULL, NULL, NULL, 0),
(164, 'GHURBHURN', 'Rahee', 'Ecole Des Mines De St Etienne', 'Chef de projet', 'Lyon', 0),
(165, 'LE BLANC', 'Emilie', NULL, NULL, NULL, 0),
(166, 'LE GUEN', 'Marie-Aude', NULL, NULL, NULL, 0),
(167, 'LIGNON', 'Olivier', ' Région Rhône Alpes', 'Chargé de Mission', 'Lyon', 0),
(168, 'LUTZ', 'Juliette', NULL, NULL, NULL, 0),
(169, 'METRAL', 'Yvan', NULL, NULL, NULL, 0),
(170, 'OLIVIER', 'Emerson', 'Aralys', 'Consultant Décisionnel', 'Paris', 0),
(171, 'POLI', 'Stephanie', 'SISTEMA STRATEGY', 'Responsable pôle Data', 'Lyon', 0),
(172, 'RODRIGUEZ', 'Stephane', 'Algorys', 'Ingénieur Développeur', 'Lyon', 0),
(173, 'ROSE', 'Christian', NULL, NULL, NULL, 0),
(174, 'SIMPLEX', 'Isabelle', NULL, NULL, NULL, 0),
(175, 'TANASESCU', 'Adrian', 'Rithme', 'Président', 'Lyon', 0),
(176, 'TATREAUX', 'Isabelle', NULL, NULL, NULL, 0),
(177, 'VOLLE', 'Virginie', NULL, NULL, NULL, 0),
(178, 'CHAMBRILLON', 'julien', NULL, NULL, NULL, 0),
(179, 'CHELLE', 'denis', NULL, NULL, NULL, 0),
(180, 'DE VAULX', 'Aymard', NULL, NULL, NULL, 0),
(181, 'GIRARD', 'Caroline', NULL, NULL, NULL, 0),
(182, 'TCHIRIKOV', 'Yura', NULL, NULL, NULL, 0),
(183, 'VISSAGUET', 'Nathalie', ' Saint-Gobain Distribution Bâtiment France', 'IT Finance', NULL, 0),
(184, 'ADNANE', 'Abdelghani', 'Sword', 'Consultant Bi', 'Genève, Suisse', 0),
(185, 'ANTHOARD', 'Stephane', NULL, NULL, NULL, 0),
(186, 'AUBANEL', 'Sandra', NULL, NULL, NULL, 0),
(187, 'BENDIB', 'Hakim', 'france telecom orange', 'indépendant du secteur Logiciels informatiques', 'Lyon', 0),
(188, 'BERNES', 'Lucie', NULL, NULL, NULL, 0),
(189, 'BERTRABD', 'olivier', NULL, NULL, NULL, 0),
(190, 'BOUZIDI', 'Abdelkader', NULL, NULL, NULL, 0),
(191, 'BRACCO', 'Noelle', 'EDF', 'Chef de projet', 'Lyon', 0),
(192, 'CHANDON', 'Gautier', NULL, NULL, NULL, 0),
(193, 'CHETAIL', 'Fabien', 'Crédit Agricole Loire Haute-loire', 'Analyste Marketing', 'Lyon', 0),
(194, 'DESFOUR', 'Gregory', NULL, NULL, NULL, 0),
(195, 'DRUOT', 'Vanessa', 'La banque postale', 'Consultant BI', 'Paris', 0),
(196, 'DUPIAT Anne', 'Monique', 'Idellys', 'Ingénieur D\'etudes', 'Lyon', 0),
(197, 'FEHRI', 'Vanessa', NULL, NULL, NULL, 0),
(198, 'FONTANIER', 'Maxime', NULL, NULL, NULL, 0),
(199, 'FOURNET', 'Emilien', 'Unilog', 'Consultant Technico-fonctionnel Sap', NULL, 0),
(200, 'FREMEAUX', 'Bertille', 'Cocpit', 'Ingénieur Développement', NULL, 0),
(201, 'GUESMIA', 'Sofiane', 'Business  -  Decision', 'Consultant Décisionnel', 'Paris', 0),
(202, 'HUANG', 'Saiyu', NULL, NULL, NULL, 0),
(203, 'JOUBERT', 'Bruno', 'Capgemini', 'BI Solution Architect ', 'Lyon', 0),
(204, 'KHATA', 'Mohamed', NULL, NULL, NULL, 0),
(205, 'MARTIN', 'Lionel', 'Homsys', 'Consultant Bi', 'Luxembourg', 0),
(206, 'MINNEGHEER', 'Mathieu', NULL, NULL, NULL, 0),
(207, 'MONTANDON', 'Brice', 'Cross Systems', 'Ingénieur D\'étude Bi', 'Genève, Suisse', 0),
(208, 'MOUTON', 'Benjamin', 'CGI', 'Consultant IT - Supply Chain', NULL, 0),
(209, 'NGUYEN', 'Ny-Dung', NULL, NULL, NULL, 0),
(210, 'N GUYEN', 'Thi-Thuy', 'Canalce', 'Rd Base De Données', NULL, 0),
(211, 'OULD MOHAMED', 'Sidi', NULL, NULL, NULL, 0),
(212, 'RASPILAIRE', 'David', NULL, NULL, NULL, 0),
(213, 'SLAIM', 'Farid', 'Micropole', 'Consultant BI', NULL, 0),
(214, 'SOLER', 'Nicolas', 'Crédit Mutuel', 'Analyste Programmeur', NULL, 0),
(215, 'THIERY', 'David', NULL, NULL, NULL, 0),
(216, 'BETITO', 'Daniel', NULL, NULL, NULL, 0),
(217, 'CHAGUE', 'Jerome', NULL, NULL, NULL, 0),
(218, 'CHAZAL', 'Adrien', NULL, NULL, NULL, 0),
(219, 'CHEVAUSSET', 'Julien', NULL, NULL, NULL, 0),
(220, 'MANIN', 'Nicolas', NULL, NULL, NULL, 0),
(221, 'MICHALAK', 'Julien', NULL, NULL, NULL, 0),
(222, 'MICHEL', 'Clemence', NULL, NULL, NULL, 0),
(223, 'SIRETA', 'Sabrina', NULL, NULL, NULL, 0),
(224, 'TSAN', 'Jaqueline', NULL, NULL, NULL, 0),
(225, 'ZAMBIANCHI', 'Sebastien', 'Syncer', 'Ingénieur Décisionnel', NULL, 0),
(226, 'BERKOUK', 'Anissa', NULL, NULL, NULL, 0),
(227, 'BERTRAND', 'Aurelien', NULL, NULL, NULL, 0),
(228, 'CALLEGARI', 'Fabrice', 'Homsys', 'Ingénieur D\'étude', NULL, 0),
(229, 'DISEUR', 'Marion', 'Hd Report', 'Analyste Programmeur', NULL, 0),
(230, 'DUMAS', 'Mathieu', 'Enata', 'Consultant Informatique Décisionnelle', NULL, 0),
(231, 'FOURTINE', 'Fabrice', 'Systèmes Informations Services', 'Software Architect', NULL, 0),
(232, 'GIMENEZ', 'Manuel', 'LOCAM (Groupe Crédit Agricole)', 'Responsable digital', NULL, 0),
(233, 'GRANGE', 'Jean-Francois', NULL, NULL, NULL, 0),
(234, 'GRIMAUD', 'Mael', 'HOERBIGER ', 'Legal Advisor', NULL, 0),
(235, 'JOUANETON', 'Baptiste', 'Heva', 'Chargée D\'etude', NULL, 0),
(236, 'LAROUSSI', 'Olpha', NULL, NULL, NULL, 0),
(237, 'LUC', 'Jerome', 'Ness Consulting', 'Consultant Décisionnel', NULL, 0),
(238, 'MALARET', 'Julie', 'Astek Ra', 'Consultante', NULL, 0),
(239, 'MASSON', 'Julie', 'Hélice', 'Ingénieur D\'exploitation Junior', NULL, 0),
(240, 'NGUIADEM FONDJO', 'Edith', NULL, NULL, NULL, 0),
(241, 'PETITJEAN', 'Aurelie', NULL, NULL, NULL, 0),
(242, 'PHILIPPON', 'Nathalie', 'Stilog I.s.t.', 'Ingénieur Développement', NULL, 0),
(243, 'SEIGNOL', 'Ludivine', 'Business  -  Decision', 'Consultante Informatique Décisionnelle', NULL, 0),
(244, 'SINSIN TOGNIMON', 'Jirland', NULL, NULL, NULL, 0),
(245, 'TACHON', 'Celine', 'Enata', 'Ingénieur Etudes Décisionnelles', NULL, 0),
(246, 'THABET', 'Haroun', 'Murex', 'Consultant Middle Office', NULL, 0),
(247, 'ZAKRZEWSKI', 'Dominique', 'anada School of Public Service', 'Admin Services, Advanced ', NULL, 0),
(248, 'ZEDAR', 'Djamel', 'Atih', 'Responsable Applicatif', NULL, 0),
(249, 'KHOUALDIA', 'Moufida', NULL, NULL, NULL, 0),
(250, 'CHARFI', 'Imen', NULL, NULL, NULL, 0),
(251, 'ALILOUCHE', 'Sabrina', 'Bull', 'Ingénieur Développement Bi', NULL, 0),
(252, 'BACCONIN', 'Thierry', 'Orange', 'IT Engineer', NULL, 0),
(253, 'BEKHOUCHE', 'Mohamed', 'Keyrus Lyon', 'Consultant', 'Lyon', 0),
(254, 'BELAID', 'Abdelmalek', NULL, NULL, NULL, 0),
(255, 'BENAHMED', 'Adel', 'Osiatis', 'Ingénieur Décisionnel Et Développeur', NULL, 0),
(256, 'BENOUAHAB', 'Mourad', NULL, NULL, NULL, 0),
(257, 'BOUNEZOUR', 'Imed', 'Business  -  Decision', 'Consultant', NULL, 0),
(258, 'CHAAB', 'Samir', 'Business & Decision', 'BI Project Leader', NULL, 0),
(259, 'DEGLETAGNE', 'Claire', 'Astek Ra', 'Consultante En Décisionnel', NULL, 0),
(260, 'DUCOMMUN', 'Lorene', 'Abraxas Cari SA', 'Spécialiste BI', NULL, 0),
(261, 'EL BIDAOUI', 'Taoufik', 'Altead', 'Ingenieur En Informatique Industrielle', NULL, 0),
(262, 'FIGUEIRAS', 'Pedro', 'Domeo', 'Administrateur Business Intelligence', NULL, 0),
(263, 'FONTEP', 'Elysee', NULL, NULL, NULL, 0),
(264, 'GODFRIN', 'Thomas', NULL, NULL, NULL, 0),
(265, 'GUERGOURI', 'Salim', NULL, NULL, NULL, 0),
(266, 'GUIRONNET', 'Patrice', NULL, NULL, NULL, 0),
(267, 'GUTIERREZ', 'Audrey', 'SAS Institute', 'Global Support Consultant', NULL, 0),
(268, 'HOURRI', 'Said', 'ELSIE IT', 'Consultant Indépendant Décisionnel', NULL, 0),
(269, 'LARGERON', 'Nicolas', 'Freelance', 'Consultant SI', NULL, 0),
(270, 'LORRAIN', 'Marie', 'Astek Ra', 'Consultant Bi', NULL, 0),
(271, 'METRAT', 'Claudie', 'Sopra Group', 'Ingénieur En Informatique Décisionnelle', NULL, 0),
(272, 'MEZRAG', 'Mohamed', NULL, NULL, NULL, 0),
(273, 'PERRIER', 'Emmanuelle', 'Mérieux NutriSciences', '?Global Data Development Manager', NULL, 0),
(274, 'RUSSOLO', 'Pierre-Herve', 'Avisto', 'Ingénieur développement', NULL, 0),
(275, 'SCHIKER-GAMORY', 'Isabelle', 'Ibee', 'Responsable Developpement Logiciels, Et Reporting', NULL, 0),
(276, 'SYLLA', 'Aboubekrine', NULL, NULL, NULL, 0),
(277, 'THOMAS', 'Gabriel', NULL, NULL, NULL, 0),
(278, 'VARIOT', 'Benjamin', 'Syncer', 'Consultant Décisionnel', NULL, 0),
(279, 'YILMAZ', 'Mustafa', 'OXIBI SA', 'Formateur Tableau Software / Consultant BI', 'Genève, Suisse', 0),
(280, 'AICHOUR', 'MEZIANE', NULL, NULL, NULL, 0),
(281, 'AMALOU', 'AREZKI', NULL, NULL, NULL, 0),
(282, 'ATCHIKPA', 'EDITH', NULL, NULL, NULL, 0),
(283, 'BEKKAT', 'RAFIK', NULL, NULL, NULL, 0),
(284, 'BENSLIMANE', 'KHADIJA', NULL, NULL, NULL, 0),
(285, 'EVAIN', 'JEAN BAPTISTE', NULL, NULL, NULL, 0),
(286, 'GAUDIN', 'RENAUD', NULL, NULL, NULL, 0),
(287, 'HOMAWOO', 'KODZO', NULL, NULL, NULL, 0),
(288, 'LEROUX', 'CHRISTOPHE', NULL, NULL, NULL, 0),
(289, 'TARABET', 'TASSADIT SAMIA', NULL, NULL, NULL, 0),
(290, 'CHIKHAOUI', 'MOHAMED', NULL, NULL, NULL, 0),
(291, 'OUEDERNI', 'ABOUD ZIED', NULL, NULL, NULL, 0),
(292, 'GUESMI', 'IMEN', NULL, NULL, NULL, 0),
(293, 'AYOUBI', 'YASSINE', NULL, NULL, NULL, 0),
(294, 'SARIAK', 'ADEL', NULL, NULL, NULL, 0),
(295, 'KHETTAF', 'MOHAMED', NULL, NULL, NULL, 0),
(296, 'LAHRECHE', 'DJAMIL', NULL, NULL, NULL, 0),
(297, 'LAALOUI', 'Imad-Eddine', NULL, NULL, NULL, 0),
(298, 'HACENE', 'Mouhoub', NULL, NULL, NULL, 0),
(299, 'SABER', 'Zahida', NULL, NULL, NULL, 0),
(300, 'AITALI', 'Ahmed', NULL, NULL, NULL, 0),
(301, 'BLANCHET', 'Jeremy', NULL, NULL, NULL, 0),
(302, 'BELMONTET', 'Mathieu', 'Systel SA', 'Ingénieur d\'étude et développement', NULL, 0),
(303, 'BONDUE', 'Maxime', NULL, NULL, NULL, 0),
(304, 'CHAROUK', 'Farida', NULL, NULL, NULL, 0),
(305, 'CLERC', 'Arnaud', 'Gfi Informatique', 'Ingénieur Etudes et Développements BI', NULL, 0),
(306, 'COSTE', 'Jeremy', 'Ubisoft', 'Business Intelligence Project Manager', NULL, 0),
(307, 'DE ALMEIDA', 'Amelie', NULL, NULL, NULL, 0),
(308, 'DELAGREVERIE', 'Martin', NULL, NULL, NULL, 0),
(309, 'DJITE', 'Talla', NULL, NULL, NULL, 0),
(310, 'DUPUY', 'Laure', NULL, NULL, NULL, 0),
(311, 'ELHACHIMY', 'Meryem', NULL, NULL, NULL, 0),
(312, 'FAVIER', 'Martin', 'ACSSI', 'Responsable Technique BI', NULL, 0),
(313, 'GOUEDARD', 'Antoine', NULL, NULL, NULL, 0),
(314, 'HELYJOLY', 'Morgan', NULL, NULL, NULL, 0),
(315, 'MAISONOBE', 'Frederic', NULL, NULL, NULL, 0),
(316, 'MESSAOUDEN', 'Djamel', NULL, NULL, NULL, 0),
(317, 'MOURIER', 'Gaetan', NULL, NULL, NULL, 0),
(318, 'PERRIER-CORNET', 'Virginie', NULL, NULL, NULL, 0),
(319, 'RATTIN', 'Anne-Sophie', NULL, NULL, NULL, 0),
(320, 'ROCHAS', 'Thibaut', 'Ministere de la defence', 'Software Engineer, Team manage', NULL, 0),
(321, 'TOURE', 'Mamadou', 'Cri (luxembourg) S.a.', 'Developpeur Coldfusion', 'Luxembourg', 0),
(322, 'VERGNE', 'Celine', 'Solvay', 'Business Intelligence Analyst', NULL, 0),
(323, 'ZHANG', 'Libin', NULL, NULL, NULL, 0),
(324, 'BASTIEN', 'Sylvain', NULL, NULL, NULL, 0),
(325, 'CHAABANI', 'Salwa', NULL, NULL, NULL, 0),
(326, 'CHAFFRINGEON', 'Benoit', 'Oracle', 'Senior Manager, Global Product Support', NULL, 0),
(327, 'CIALDELLA', 'Christophe', NULL, NULL, NULL, 0),
(328, 'DISSOU', 'Mobladji', 'Dalkia', 'Data analyst', NULL, 0),
(329, 'EGON', 'Guillaume', NULL, NULL, NULL, 0),
(330, 'FAURE', 'Frederic', NULL, NULL, NULL, 0),
(331, 'GUEBLI', 'Boubakre', NULL, NULL, NULL, 0),
(332, 'GUINARD', 'Sandrine', ' Larochelle Groupe Conseil', 'Analyste BI ', NULL, 0),
(333, 'RECHE', 'Frederic', NULL, NULL, NULL, 0),
(334, 'HASSINE', 'Nada', NULL, NULL, NULL, 0),
(335, 'HILLAIRET', 'Romain', NULL, NULL, NULL, 0),
(336, 'FERRAG', 'Samir', NULL, NULL, NULL, 0),
(337, 'RECHE-GARCIA', 'Frederic', NULL, NULL, NULL, 0),
(338, 'TAIBI', 'Amina', NULL, NULL, NULL, 0),
(339, 'AITTAYEB', 'Malik', NULL, NULL, NULL, 0),
(340, 'OULDSofiane', 'Mohamed', NULL, NULL, NULL, 0),
(341, 'SOUILMI', 'Zahra', 'CGI', 'Senior Backup Administrator', NULL, 0),
(342, 'MERAHI', 'Saad', 'merahi@net', 'gérant chez merahi@net', NULL, 0),
(343, 'CHABOUNI', 'Mustapha', 'HYUNDAI MOTOR', 'Directeur Des systemes d\'information', NULL, 0),
(344, 'AMMOUR', 'Mohammed', NULL, NULL, NULL, 0),
(345, 'BENSAADA', 'Abdelkader', NULL, NULL, NULL, 0),
(346, 'CHERRAGI', 'Fouad', NULL, NULL, NULL, 0),
(347, 'CHETAILLET', 'Corinne', NULL, NULL, NULL, 0),
(348, 'DISSOU', 'Moboladji', NULL, NULL, NULL, 0),
(349, 'DJEROUM', 'Djamel', NULL, NULL, NULL, 0),
(350, 'HAMDI', 'Saad-Eddine', NULL, NULL, NULL, 0),
(351, 'HOMAWOO', 'Kodjo', NULL, NULL, NULL, 0),
(352, 'KHELIFI', 'Doria', NULL, NULL, NULL, 0),
(353, 'LAMECHE', 'Badra', 'AFCEPF', 'Ingénieur d’études BI & JAVA 2EE', NULL, 0),
(354, 'MESSAOUDENE', 'Djamel', 'ENTREPRISE DE DEVELOPPEMENT\nDE LOGICIEL INFORMATIQUE', 'Responsable Gestion Projet', NULL, 0),
(355, 'PINTAT', 'Raphael', NULL, NULL, NULL, 0),
(356, 'REY', 'Jean Baptiste', NULL, NULL, NULL, 0),
(357, 'ROUCHOUSE-ZAGALA', 'Virginie', NULL, NULL, NULL, 0),
(358, 'TEGUIA', 'Abderahmane', NULL, NULL, NULL, 0),
(359, 'LASSEUR', 'Christine', NULL, NULL, NULL, 0),
(360, 'ALLEK', 'Ramdane', NULL, NULL, NULL, 0),
(361, 'BELAID', 'Mohamed', ' Ooredoo', 'Manager Reporting and planification Customer Care', NULL, 0),
(362, 'BENNAIMA', 'Ahmed', NULL, NULL, NULL, 0),
(363, 'DRIEF', 'Nour-eddine', NULL, NULL, NULL, 0),
(364, 'GUERINIK', 'Zahira', NULL, NULL, NULL, 0),
(365, 'HADDADJ', 'Lamia', NULL, NULL, NULL, 0),
(366, 'KHEMIS', 'Faycal', NULL, NULL, NULL, 0),
(367, 'SADKI', 'Badis Djallel', 'AltiView', 'Consultant Décisionnel ', NULL, 0),
(368, 'BICHLER', 'Guillaume', NULL, NULL, NULL, 0),
(369, 'MUSY', 'Pierre', NULL, NULL, NULL, 0),
(370, 'ABOUSSALAM', 'Khakid', NULL, NULL, NULL, 0),
(371, 'ALAMI', 'Lamiae', 'Sopra Group', 'Ingénieur décisionnel', NULL, 0),
(372, 'ALLOUCHE', 'Ygal', 'Mister auto', 'Analyste BI', NULL, 0),
(373, 'BARBOUCH', 'Nesrine', NULL, NULL, NULL, 0),
(374, 'BECHAR', 'Zehira', 'AltiView', 'consultante BI chez ministère de l\'écologie', NULL, 0),
(375, 'BERNIGAUD', 'Remy', 'Keyrus', 'Senior Business Intelligence Consultant', NULL, 0),
(376, 'BOULAAMAYL', 'Soufiane', 'PM Progress Management', 'Consultant senior HANA-BW & BI4 ', NULL, 0),
(377, 'BRIVE', 'sandrine', 'Everis', 'Solutions Assistant ', NULL, 0),
(378, 'CHOUAIKHIA', 'Imen', 'Talan Solutions (EXL Group)', 'Business intelligence Consultant', NULL, 0),
(379, 'COSTE', 'Benjamin', ' Bureau Veritas', 'IS Project Manager', NULL, 0),
(380, 'DJATIOSIGNIN', 'Christian', NULL, NULL, NULL, 0),
(381, 'DOUKKALI', 'Tarek Amine', NULL, NULL, NULL, 0),
(382, 'FAVRE', 'Terry', 'GFI Informatique', 'Responsable d\'application BI ', NULL, 0),
(383, 'GNANSOUNOU', 'Segbedji', 'The Kooples', 'Data & Analytics Project Manager', 'Paris', 0),
(384, 'HAMMAMALIKI', 'Mamadou', NULL, NULL, NULL, 0),
(385, 'JAVELOT', 'Marine', NULL, NULL, NULL, 0),
(386, 'KADA-CHIKH', 'Hamza', NULL, NULL, NULL, 0),
(387, 'KANE', 'Mohamed-Amine', 'Cognizant Technology Solutions', 'Managing Consultant | Analytics & Digital', NULL, 0),
(388, 'KEITA', 'Sockona', NULL, NULL, NULL, 0),
(389, 'OUSSEINI HASSANE', 'Moudjibou', 'Micropole', 'Consultant décisionnel', NULL, 0),
(390, 'PERRIN', 'Maud', NULL, NULL, NULL, 0),
(391, 'REGLIONI', 'Pierrick', 'Business & Decision', 'chef d\'equipe projets', NULL, 0),
(392, 'ROUSSET', 'Arnaud', 'SantéVet', 'PHP Developer', NULL, 0),
(393, 'TAO', 'Minfang', 'Decolin Inc', 'Analyst', NULL, 0),
(394, 'THERY', 'Anaelle', 'Micropole', 'Consultante BI', NULL, 0),
(395, 'YANG', 'Li', 'BGFI Consulting', 'Consultante Business Intelligence', NULL, 0),
(396, 'PRAUD epouse', 'Nathalie', NULL, NULL, NULL, 0),
(397, 'ATTMANE ELAKEB', 'Mohamed', NULL, NULL, NULL, 0),
(398, 'DESAN', 'Jean-Philippe', NULL, NULL, NULL, 0),
(399, 'FAFI', 'Noureddine', NULL, NULL, NULL, 0),
(400, 'SELMANE', 'Sid Ali', 'Universite Lumiere Lyon 2', 'Professeur universitaire', NULL, 0),
(401, 'KOLIKA', 'Lucien', NULL, NULL, NULL, 0),
(402, 'FOREL', 'Olivier', NULL, NULL, NULL, 0),
(403, 'TADJANI', 'Mouhsine', NULL, NULL, NULL, 0),
(404, 'CHELLOUAI', 'Abdelhey', NULL, NULL, NULL, 0),
(405, 'REFFAS-HADID', 'Dalila', NULL, NULL, NULL, 0),
(406, 'SAIDI', 'Kenza', NULL, NULL, NULL, 0),
(407, 'LAOUADI', 'Mohamed', NULL, NULL, NULL, 0),
(408, 'RAOURAOUA', 'Widad', NULL, 'Chef de bureau de l\'agence nationale du développement\net de l\'investissement', NULL, 0),
(409, 'AICHOUR', 'Meriem', NULL, NULL, NULL, 0),
(410, 'KADDOUR', 'Assia', NULL, NULL, NULL, 0),
(411, 'SADKI', 'Nacim', NULL, NULL, NULL, 0),
(412, 'ADAATANGANA', 'Roger  Yannick', NULL, NULL, NULL, 0),
(413, 'BRUNA', 'Mickael', ' OPEN', 'Responsable opérationnel de compte', NULL, 0),
(414, 'ABTROUN', 'Abdenour', 'Solutions Informatiques B2I plus', 'Consultant en BI', NULL, 0),
(415, 'ARRES', 'Billal Khaled', NULL, NULL, NULL, 0),
(416, 'ASSANDE', 'Koua', NULL, NULL, NULL, 0),
(417, 'AZZAOUI', 'Wahid', NULL, NULL, NULL, 0),
(418, 'BOUABDELLAH', 'Sofiane', 'Algeria area', 'Chef de projet', NULL, 0),
(419, 'BOUCHET', 'Anne-Laure', 'B&D', 'Consultante Décisionnelle SAP BI ', NULL, 0),
(420, 'DEHDOUH', 'Khaled', NULL, NULL, NULL, 0),
(421, 'DOMPMARTIN', 'Cecile', 'Keyrus', 'Ingénieur Projet', NULL, 0),
(422, 'DOUKKALI', 'Tarek', NULL, NULL, NULL, 0),
(423, 'ELFADEL', 'Fouad', NULL, NULL, NULL, 0),
(424, 'FRANCO ROJAS', 'John', NULL, NULL, NULL, 0),
(425, 'GAFSI', 'Eric', 'Keyrus', 'Consultant Business Intelligence', NULL, 0),
(426, 'HANNACHI', 'Mabrouk', NULL, NULL, NULL, 0),
(427, 'HO', 'Ly', 'IDCS', 'Consultant BI', NULL, 0),
(428, 'KONTe', 'Abou Daouda', 'Carrefour', 'Ingénieur Automatisation & QA', NULL, 0),
(429, 'KOURDAN', 'Kawthar', NULL, NULL, NULL, 0),
(430, 'LAHLOU', 'El Medhi', 'AXA Global Direct', 'Analyste Business Intelligence', NULL, 0),
(431, 'LAPORTE-RIOU', 'Elodie', 'Vmware', 'HRIS Data Reporting Analyst', NULL, 0),
(432, 'MAURIS-DEMOURIOUX', 'Fabien', NULL, NULL, NULL, 0),
(433, 'MECHBAL', 'Souhail', NULL, NULL, NULL, 0),
(434, 'NAZIH', 'Hoda', NULL, NULL, NULL, 0),
(435, 'NGUEMANSO', 'Chandris', NULL, NULL, NULL, 0),
(436, 'RATSIMBAZAFY', 'Rado', 'Université Lumière Lyon 2', 'PhD student ', 'Lyon', 0),
(437, 'ROMANO', 'Ludovic', NULL, NULL, NULL, 0),
(438, 'SAID', 'Mohamed', 'OR2S Picardie', 'Consultant BI', NULL, 0),
(439, 'SERRAYE', 'Mohamed', NULL, NULL, NULL, 0),
(440, 'UROQOV', 'Samadjon', NULL, NULL, NULL, 0),
(441, 'AICHOUR', 'Rabah', NULL, NULL, NULL, 0),
(442, 'BARBALAT', 'Laure', NULL, NULL, NULL, 0),
(443, 'BELGACEM', 'Malika', NULL, 'en recherche d\'emploi en BI', NULL, 0),
(444, 'DRAME', 'Insa', NULL, NULL, NULL, 0),
(445, 'DUBOURVIEUX', 'Vincent', NULL, NULL, NULL, 0),
(446, 'HAILANI', 'Faizal ', NULL, NULL, NULL, 0),
(447, 'HELLY', 'Damien', 'Business Cairn', 'Expert BI', NULL, 0),
(448, 'KANNOU', 'Nizar', NULL, NULL, NULL, 0),
(449, 'LAKEHAL', 'Kamel', NULL, 'En Recherche Actif (Décisionnel /BI)', NULL, 0),
(450, 'SEVOS', 'Stephane', NULL, NULL, NULL, 0),
(451, 'KRAMO', 'Koffi Alain Patrice', NULL, NULL, NULL, 0),
(452, 'ATHMANE EL', 'Mohamed', NULL, NULL, NULL, 0),
(453, 'MEFTAH', 'Guelmine', NULL, NULL, NULL, 0),
(454, 'BEGGAS', 'Fairouz', NULL, NULL, NULL, 0),
(455, 'BERRABAH', 'Sid Ahmed', NULL, NULL, NULL, 0),
(456, 'BOUSLAH', 'Ahmed', NULL, NULL, NULL, 0),
(457, 'JACQUINOT', 'Daniele', NULL, NULL, NULL, 0),
(458, 'LABED', 'Abdelghani', NULL, NULL, NULL, 0),
(459, 'NASRALLAH', 'Abdelkader', NULL, NULL, NULL, 0),
(460, 'BOURAK', 'Faiza', NULL, NULL, NULL, 0),
(461, 'IVANOV', 'Emil', NULL, NULL, NULL, 0),
(462, 'BELRHADI-SAID', 'Amina', NULL, NULL, NULL, 0),
(463, 'CISSE', 'Seydouba', 'THEMIS CONSEIL', 'ANALYSTE COMPTABLE ET FINANCIER', NULL, 0),
(464, 'PLATOSHYN', 'Viktor', NULL, NULL, NULL, 0),
(465, 'TOMELEU TCHOUOP', 'Ruth Karine', NULL, NULL, NULL, 0),
(466, 'KOUROTCHKA', 'Marina', NULL, NULL, NULL, 0),
(467, 'IDRISSOU-TRAORE', 'Khaled', NULL, NULL, NULL, 0),
(468, 'NGOBAMI MOLINGO', 'Noel-Steve', NULL, NULL, NULL, 0),
(469, 'KANE', 'Samba', 'Crédit Agricole Centre France', 'Consultant BI', 'Paris', 0),
(470, 'BELHADJ', 'WALID', 'ENGIE Global Markets', 'Business Analyst/ Project Manager', 'Paris', 0),
(471, 'DIAGANA', 'Dahaba', NULL, NULL, NULL, 0),
(472, 'BENERBAIHA', 'MOHAMMED OMAR', NULL, NULL, NULL, 0),
(473, 'ALBEIRISS', 'Med Amin', 'Euroclear', 'Expert ETL Datastage | Datawarehousing | Cognos Report', 'Buxelles, Begique', 0),
(474, 'AGROIA', 'HARMEET', NULL, NULL, NULL, 0),
(475, 'BABOU', 'ASSIATI', 'CHD Expert', 'Administratrice de base de données', NULL, 0),
(476, 'BENDJERAD', 'MOHAMED', NULL, NULL, NULL, 0),
(477, 'BENFTIMA', 'Karim', NULL, NULL, NULL, 0),
(478, 'BETBEUI KWANDJEU', 'AURELIEN', 'Université Laval', 'Consultant Business Intelligence (BI)', NULL, 0),
(479, 'BIGAUD', 'LAETITIA', NULL, NULL, NULL, 0),
(480, 'BOUHADDA', 'NASSIMA', NULL, NULL, NULL, 0),
(481, 'BOULANGER', 'MATHILDA', 'BIPP Consulting', 'Ingénieur d\'études', NULL, 0),
(482, 'CHERGUI', 'Salim', NULL, NULL, NULL, 0),
(483, 'DERRADJ', 'LAID', NULL, NULL, NULL, 0),
(484, 'DIAGNE', 'ABDELLAHI MBAYE', 'Eki:metrics', 'Consultant BI & Big Data', NULL, 0),
(485, 'DJIMADJA', 'COMLAN', NULL, NULL, NULL, 0),
(486, 'GERBOLINO', 'FLORENT', 'Business & Decision', 'Consultant EPM ', NULL, 0),
(487, 'GHISLERI', 'LAURY', 'Soft Computing', 'Business Intelligence Consultant', NULL, 0),
(488, 'GIRAUD', 'MICKAEL', 'Business & Decision', 'Consultant décisionnel ', NULL, 0),
(489, 'KADRI', 'AHLAM', NULL, NULL, NULL, 0),
(490, 'KHEDDACHE', 'ACHOUR', NULL, NULL, NULL, 0),
(491, 'LEVEL', 'THIBAUT', 'Business & Decision', 'Consultant Décisionnel', 'Lyon', 0),
(492, 'LIANG', 'WEI', 'DataKlub', 'Ingénieur Big Data', 'Paris', 0),
(493, 'MAAMAR', 'ARWA', 'Bouygues Telecom Entreprises', 'Consultante en informatique décisionnelle', 'Paris', 0),
(494, 'MARECHAL', 'CeLINE', NULL, NULL, NULL, 0),
(495, 'MILOUDI', 'Benyoucef', NULL, NULL, NULL, 0),
(496, 'NICOLAS', 'FLORIAN', 'STABI Technology Services', 'Business Intelligence Consultant', NULL, 0),
(497, 'OUZZINE', 'HOUSSAME', 'INFOGENE', 'Consultant Microsoft BI ', 'Paris', 0),
(498, 'SENDEN', 'LOUIS', 'Business & Decision', 'Consultant BI', 'Lyon', 0),
(499, 'ZINE', 'Mohamed', NULL, NULL, NULL, 0),
(500, 'ELHOR', 'Ousama', NULL, NULL, NULL, 0),
(501, 'POULARD', 'Franck', 'Gfi Informatique', 'Analyste Technique Business Intelligence', NULL, 0),
(502, 'SOUNDARA PANDIAN', 'Pratap Jayakaran', NULL, NULL, NULL, 0),
(503, 'RAKOTOARISOA', 'RABOANARY', 'Information Delivery Group', 'Ingénieure en BI', NULL, 0),
(504, 'SMIRI', 'Salaheddine', NULL, NULL, NULL, 0),
(505, 'MYKHAILYK', 'Oleksandr', 'Genicorp', 'Consultant BI (QlikView)', NULL, 0),
(506, 'CHERKI', 'Imene', NULL, NULL, NULL, 0),
(507, 'HAJADI', 'JABRANE', 'CIRIL  ', 'Consultant BI', NULL, 0),
(508, 'YACOUBI', 'SOUFIYAN', 'Affiperf', 'International Programmatic Trader', NULL, 0),
(509, 'Abogourin', 'Ziyane-Karell', NULL, NULL, NULL, 0),
(510, 'Aissa', 'Sofia', NULL, NULL, NULL, 0),
(511, 'Basset', 'Pernelle', NULL, NULL, NULL, 0),
(512, 'Becat', 'Paul', NULL, NULL, NULL, 0),
(513, 'Boglione', 'Eddy', 'CHD Expert', 'Administratrice de base de données', NULL, 0),
(514, 'Boussahoua', 'Mohamed', NULL, NULL, NULL, 0),
(515, 'Boutouil', 'Mohamed', NULL, NULL, NULL, 0),
(516, 'El Ghazi-Lievre', 'Mehdi-Julien', 'Université Laval', 'Consultant Business Intelligence (BI)', NULL, 0),
(517, 'ElKhamri', 'Sahar', NULL, NULL, NULL, 0),
(518, 'Fedit', 'Benoit', NULL, NULL, NULL, 0),
(519, 'HESSAS', 'Med Lamine', 'BIPP Consulting', 'Ingénieur d\'études', NULL, 0),
(520, 'Jatlaoui', 'Heitem', NULL, NULL, NULL, 0),
(521, 'LABHIH', 'Mehdi', NULL, NULL, NULL, 0),
(522, 'Lachamp', 'Geoffrey', 'Eki:metrics', 'Consultant BI & Big Data', NULL, 0),
(523, 'Lahlou', 'Mohamed', NULL, NULL, NULL, 0),
(524, 'Louza', 'Younes', 'Business & Decision', 'Consultant EPM ', NULL, 0),
(525, 'Michel', 'Myrtile ', 'Soft Computing', 'Business Intelligence Consultant', NULL, 0),
(526, 'Nguyen', 'Thi My Linh', 'Business & Decision', 'Consultant décisionnel ', NULL, 0),
(527, 'Ravat', 'Maxime', NULL, NULL, NULL, 0),
(528, 'Roque', 'Lucas', NULL, NULL, NULL, 0),
(529, 'Roux-Fontaine', 'Justine', 'Business & Decision', 'Consultant Décisionnel', 'Lyon', 0),
(530, 'Senani', 'Zoher', 'DataKlub', 'Ingénieur Big Data', 'Paris', 0),
(531, 'Serna', 'Carlos Andres', 'Bouygues Telecom Entreprises', 'Consultante en informatique décisionnelle', 'Paris', 0),
(532, 'Sheykh Bahaei', 'Nasim', NULL, NULL, NULL, 0),
(533, 'Vorreiter', 'Vincent', NULL, NULL, NULL, 0),
(534, 'Zhang', 'Meng', 'STABI Technology Services', 'Business Intelligence Consultant', NULL, 0),
(535, 'Asroun', 'Sofiane', 'INFOGENE', 'Consultant Microsoft BI ', 'Paris', 0),
(536, 'Ferjaoui', 'Karima', 'Business & Decision', 'Consultant BI', 'Lyon', 0),
(537, 'AICHOUR', 'Amirouche', NULL, NULL, NULL, 0),
(538, 'AMMAR', 'Marzouk', NULL, NULL, NULL, 0),
(539, 'ANDRIANASOLO', 'Hajatiana', 'Gfi Informatique', 'Analyste Technique Business Intelligence', NULL, 0),
(540, 'BENABDERRAHMANE', 'Nasserdine', NULL, NULL, NULL, 0),
(541, 'BOUMZOUGH', 'Mohamed Amine ', 'Information Delivery Group', 'Ingénieure en BI', NULL, 0),
(542, 'BOUNIF', 'Toufik', NULL, NULL, NULL, 0),
(543, 'KEBAILI', 'Youcef', 'Genicorp', 'Consultant BI (QlikView)', NULL, 0),
(544, 'MACHTALAY', 'Marouane', NULL, NULL, NULL, 0),
(545, 'RAHIL', 'Mehdi', 'CIRIL  ', 'Consultant BI', NULL, 0),
(546, 'SOUVIGNET', 'Mario', 'Affiperf', 'International Programmatic Trader', NULL, 0),
(547, 'SYLLA', 'Mohamed', NULL, NULL, NULL, 0),
(548, 'THOMAS-BILLOT', 'Noemie', NULL, NULL, NULL, 0),
(549, 'TAVAN', 'Gregory', NULL, NULL, NULL, 0),
(550, 'BOUMGHAR', 'Lyes', NULL, NULL, NULL, 0),
(551, 'ATAYAN', 'KONSTANTIN', 'Altran ', 'Consultant BI', 'Lyon', 0),
(552, 'BACCOUCHI', 'RAMI', 'Synaltic Group', 'Consultant BI', 'Lyon', 0),
(553, 'BENHASSINE', 'ADEL', 'AltiView', 'Consultant BI', 'Lyon', 0),
(554, 'BENBASSOU', 'IDRISS', NULL, NULL, NULL, 0),
(555, 'BOUZIANE OUARITINI', 'ABDELHAKIM', 'Prisma Media', '?Datascientist ', 'Paris', 0),
(556, 'CLAIN ', 'THOMAS', NULL, NULL, NULL, 0),
(557, 'DIALLO ', 'IBRAHIMA', ' Médiane Système ', 'Ingénieur en BI & Big Data', 'Lyon', 0),
(558, 'EL BASRI', 'INTISSAR', NULL, NULL, NULL, 0),
(559, 'EL BASRI', 'DALAL', NULL, NULL, NULL, 0),
(560, 'FATA', 'ANAS', ' Umanis ', 'Consultant BI', 'Lyon', 0),
(561, 'HU', 'ZHEHUA', NULL, NULL, NULL, 0),
(562, 'KETTOUCHE', 'MOHYI EDDINE', NULL, NULL, NULL, 0),
(563, 'KIM', 'CHETNARETH', 'Keyrus', 'Consultant BI', 'Lyon', 0),
(564, 'LE', 'TUAN ANH', 'Cerema', 'Chargé de développement en système d\'information décisionnel ', NULL, 0),
(565, 'LOUIS', 'JONATHAN', 'Micropole', 'INGENIEUR D’ETUDE BI ', 'Lyon', 0),
(566, 'PROSIANYK', 'MYKHAILO', ' Nomadvantage ', 'Qlikview développeur | BI Consultant | Business Analyst | Business Analyst ', 'Paris', 0),
(567, 'SKOURI', 'HOUSSAM', NULL, NULL, NULL, 0),
(568, 'TANOUTI', 'JAOUAD', 'Business & Decision Group', 'Consultant Junior Business Intelligence & BIG DATA', 'Nantes', 0),
(569, 'TRAN', 'JOHNNY', NULL, NULL, NULL, 0),
(570, 'YAHYAOUI', 'JASSEM', ' Fondation OVE ', 'Administrateur - Développeur QlikView', 'Lyon', 0),
(571, 'RAMDANI', 'YASSINE', NULL, NULL, NULL, 0),
(572, 'CARLI', 'KEVIN', NULL, NULL, NULL, 0),
(573, 'ZANE', 'FATEH', NULL, NULL, NULL, 0),
(574, 'ALOUI ', 'Karim', 'Orange Business Services', 'ingénieur de développement et production', 'Lyon', 0),
(575, 'BENAHMED ', 'Rafik', NULL, NULL, NULL, 0),
(576, 'BERBACHE ', 'Ahcene', 'CGI', 'Développeur Décisionnel ', 'Lyon', 0),
(577, 'DARFEUILLE', 'Cedric', NULL, NULL, NULL, 0),
(578, 'EL OUAFI ALOUI ', 'Asma', NULL, NULL, NULL, 0),
(579, 'KETTAF', 'Mohamed', NULL, NULL, NULL, 0),
(580, 'PELLET', 'Julien Mathieu', 'Ubisoft', 'Chef de Projet analytique', 'Lyon', 0),
(581, 'PILLONEL', 'Anthnoy Yvan Romain', 'Altran', 'Developpeur BI', 'Lyon', 0),
(582, 'THAMI ALAMI', 'Imane', NULL, NULL, NULL, 0),
(583, 'BOUHALI', 'Yacine', NULL, NULL, NULL, 0),
(584, 'BOUIHAT', 'Brahim', NULL, NULL, NULL, 0),
(585, 'CHIKHI', 'Menad', NULL, NULL, NULL, 0),
(586, 'DIALLO', 'Ahmadou', NULL, NULL, NULL, 0),
(587, 'ELAMRANI', 'Hassane', NULL, NULL, NULL, 0),
(588, 'GONNID', 'Manhour', NULL, NULL, NULL, 0),
(589, 'LAOUFIMED', 'AMINE ', NULL, NULL, NULL, 0),
(590, 'LATRECHE', 'Mohamed', 'IBM', 'Application Manager', 'Ecully', 0),
(591, 'MOHAMMEDI', 'Mustapha', NULL, NULL, NULL, 0),
(592, 'PEREAU', 'Mathieu', NULL, NULL, NULL, 0),
(593, 'REBANI', 'Marouen', NULL, NULL, NULL, 0),
(594, 'VIALLON', 'Guillaume', NULL, NULL, NULL, 0),
(595, 'ZEBILA', 'Mounir', NULL, NULL, NULL, 0),
(596, 'AMON', 'Rejis', NULL, NULL, NULL, 0),
(597, 'GASMI', 'Ghazi', NULL, NULL, NULL, 0),
(598, 'MARTINS', 'Jean-Marc', NULL, NULL, NULL, 0),
(599, 'REIGNEUX', 'Guillaume', NULL, NULL, NULL, 0),
(600, 'SANOUSSI', 'ABDELMAJID', NULL, NULL, NULL, 0),
(601, 'CHANGO', 'Stephane', NULL, NULL, NULL, 0),
(602, 'HARDALA', 'REDDAD', NULL, NULL, NULL, 0),
(603, 'MATSIMA', 'DORIAN', NULL, NULL, NULL, 0),
(604, 'NESARATNAM', 'ABIRAMI', NULL, NULL, NULL, 0),
(605, 'NGUYENDUC', 'KIM', NULL, NULL, NULL, 0),
(606, 'PLANTAZ-NICOUD', 'ELISE', NULL, NULL, NULL, 0),
(607, 'KERAUDREN', 'RONAN', NULL, NULL, NULL, 0),
(608, 'EL MASMOUDI', 'MOHAMMED', NULL, NULL, NULL, 0),
(609, 'AIT SAADA', 'NAZIM', NULL, NULL, NULL, 0),
(610, 'RIAHI', 'RIADH', NULL, NULL, NULL, 0),
(611, 'SORT', 'MATHILDE', NULL, NULL, NULL, 0),
(612, 'VANDERVORST', 'MATHIEU', NULL, NULL, NULL, 0),
(613, 'TALEB', 'OUSSAMA', NULL, NULL, NULL, 0),
(614, 'AMMOR', 'ISMAIL', NULL, NULL, NULL, 0),
(615, 'MEHRI', 'YASMINE', NULL, NULL, NULL, 0),
(616, 'ADRIANO', 'JEREMY', NULL, NULL, NULL, 0),
(617, 'BOULANOUAR', 'NOUREDDINE', NULL, NULL, NULL, 0),
(618, 'LOUENCHI', 'YAZID', NULL, NULL, NULL, 0),
(619, 'BARNAT', 'NOUHA', NULL, NULL, NULL, 0),
(620, 'ZOUHON', 'KOISSI', NULL, NULL, NULL, 0),
(621, 'MORIN', 'THEO', NULL, NULL, NULL, 0),
(622, 'HADDED', 'Wiem', NULL, NULL, NULL, 0),
(623, 'BENALI', 'Nedjm Eddine', NULL, NULL, NULL, 0),
(624, 'HARMIM', 'Mourad', NULL, NULL, NULL, 0),
(625, 'LATTALI', 'Ahmed', NULL, NULL, NULL, 0),
(626, 'TOUIJER', 'MERYEM', NULL, NULL, NULL, 0),
(627, 'NAGY', 'Coralie', NULL, NULL, NULL, 0),
(628, 'AZZOUZ', 'YOUNESS', NULL, NULL, NULL, 0),
(629, 'FAURE', 'Dorothee', NULL, NULL, NULL, 0),
(630, 'Bayad', 'Ali', NULL, NULL, NULL, 0),
(631, 'BAKLOUTI', 'Fatma', NULL, NULL, NULL, 0),
(632, 'FERRATON', 'Romain', NULL, NULL, NULL, 0),
(633, 'Khodri Ziani', 'Siham', NULL, NULL, NULL, 0),
(634, 'DEBONO', 'Marjorie', 'ASI', 'Consultante en Business Intelligence et Data Management', 'Lyon', 0),
(635, 'LARIBI', 'Adlene', 'BOCCARD', 'Planning Manager, PMI-SP', 'Lyon', 0),
(636, 'POMET', 'Gwenael', 'Richemont', 'BI Analytics Front-end Responsibl', 'Genève, Suisse', 0),
(637, 'TRIAIRE', 'Jean-Jacques', 'Monaco Marine', 'Directeur des Systèmes d\'Information', 'Nice', 0),
(638, 'CHOQUET', 'Remy', 'Orange', 'Digital health. Innovation', 'Paris', 0),
(639, 'AISSA', 'Houssem', 'Natixis Asset Management', 'Ingénieur Etudes et Développement Décisionnel', 'Lyon', 0),
(640, 'BENABDELLAH', 'Amina', 'Fast Freight', 'CEO Fast Freight', 'Lyon', 0),
(641, 'BENZAKOUR', 'Anouar', 'Societe General', 'Responsable infrastructure technique', 'Maroc', 0),
(642, 'EL KARTITE', 'Hamza', 'Sopra Steria', 'Référent technique d\'une TMA BI pour EDF', 'Lyon', 0),
(643, 'FAYET', 'Damien', 'CGI', 'Expert Technique Junior', 'Clermont-Ferrand', 0),
(644, 'HAMMOUCHE', 'Yassine', 'MDM chez Keyrus', 'Consultant decisionnel', 'Lyon', 0),
(645, 'NGASSAKI', 'Felijas', 'CGI', 'Conseiller, spécialiste B', 'Montreal, Quebec, Canada', 0),
(646, 'TCHITEMBO', 'Serge', 'BI & IT CONSULTING', 'Managing Director - Business Intelligence Consultant', 'Lyon', 0),
(647, 'BRACCO', 'Naelle', NULL, NULL, NULL, 0),
(648, 'LEPAUL', 'Oivier', NULL, NULL, NULL, 0),
(649, 'YAHYA', 'Bechir', NULL, NULL, NULL, 0),
(650, 'BERNARD', 'Christophe', NULL, NULL, NULL, 0),
(651, 'CHARRONDIERE', 'Sylvain', NULL, NULL, NULL, 0),
(652, 'CHASSAGNON', 'Nicolas', NULL, NULL, NULL, 0),
(653, 'CHEBANI', 'Karim', NULL, NULL, NULL, 0),
(654, 'FERAG', 'Samir', NULL, NULL, NULL, 0),
(655, 'GRAMMONT', 'Yannick', NULL, NULL, NULL, 0),
(656, 'GRENIER', 'Francois', NULL, NULL, NULL, 0),
(657, 'MLOUKA', 'Sofiene', NULL, NULL, NULL, 0),
(658, 'KACI', 'Sabrina', NULL, NULL, NULL, 0),
(659, 'MIZRAHI', 'Sebastien', NULL, NULL, NULL, 0),
(660, 'NATHAN', 'Marc', 'Atos', 'Consultant Ingénieur en Études et Développement Web', NULL, 0),
(661, 'SALAH EDDINE', 'Imane', NULL, NULL, NULL, 0),
(662, 'BOYE', 'Mathieu', NULL, NULL, NULL, 0),
(663, 'HADIJI', 'Mohamed', NULL, NULL, NULL, 0),
(664, 'PECQUENARD', 'Malika', NULL, NULL, NULL, 0),
(665, 'NGUYEN', 'Maxime', NULL, NULL, NULL, 0),
(666, 'DIAO', 'Moussa Junior', NULL, NULL, NULL, 0),
(667, 'LI', 'Yu', NULL, NULL, NULL, 0),
(668, 'BIAN', 'Ce', NULL, NULL, NULL, 0),
(669, 'FRANCESCHINI', 'Anthony', NULL, NULL, NULL, 0),
(670, 'BORDE', 'Elodie', NULL, NULL, NULL, 0),
(671, 'CAPOBIANCO', 'Remi', NULL, NULL, NULL, 0),
(672, 'KARMI', 'Haykel', NULL, NULL, NULL, 0),
(673, 'JEBABLI', 'Aymen', NULL, NULL, NULL, 0),
(674, 'GRIGUER', 'Stephane', NULL, NULL, NULL, 0),
(675, 'KABBARA', 'Ahmad Ghaleb', NULL, NULL, NULL, 0),
(676, 'LAISSOUB', 'Mohamed', NULL, NULL, NULL, 0),
(677, 'BOUBIA ', 'Ridha', NULL, NULL, NULL, 0),
(678, 'ROUANE', 'Lahouari', NULL, NULL, NULL, 0),
(679, 'BELARIBI', 'Souleymane', NULL, NULL, NULL, 0),
(680, 'BEN JANET', 'Makrem', NULL, NULL, NULL, 0),
(681, 'BOUAZIZ', 'Jamal Eddine', NULL, NULL, NULL, 0),
(682, 'BOUCHEFRA', 'Ferhat', NULL, NULL, NULL, 0),
(683, 'DESOMBRE', 'Amandine', NULL, NULL, NULL, 0),
(684, 'DIALLO', 'Yaya', NULL, NULL, NULL, 0),
(685, 'DIALLO', 'Mamadou Kolon', NULL, NULL, NULL, 0),
(686, 'GUIGUE', 'Quentin', NULL, NULL, NULL, 0),
(687, 'HUYNH NGO', 'Uyen Kim', NULL, NULL, NULL, 0),
(688, 'ILIE', 'Laurentiu Florian', NULL, NULL, NULL, 0),
(689, 'LOMBARD', 'Flavien', NULL, NULL, NULL, 0),
(690, 'MATHLOUTHI', 'Amal', NULL, NULL, NULL, 0),
(691, 'SOULENQ', 'Bastien', NULL, NULL, NULL, 0),
(692, 'BOUDJATTIT', 'Mahdi', NULL, NULL, NULL, 0),
(693, 'SOUSSI', 'Thouraya', NULL, NULL, NULL, 0),
(694, 'LOUKILI', 'Ayyoub', NULL, NULL, NULL, 0),
(695, 'CARCIOFO', 'Clement', NULL, NULL, NULL, 0),
(696, 'DIALLO', 'Mamoudou Idiatou', NULL, NULL, NULL, 0),
(697, 'MARSAN', 'Caleb Emmanuel', NULL, NULL, NULL, 0),
(698, 'CONTE', 'Francois', NULL, NULL, NULL, 0),
(699, 'TAVAN ', 'Gregory', NULL, NULL, NULL, 0),
(700, 'CHEN', 'Yanbo', NULL, NULL, NULL, 0),
(701, 'DELENCRE', 'Brian', NULL, NULL, NULL, 0),
(702, 'CHAHINE', 'AYMANE', 'NES CRM', 'Consultant BI', 'Lyon', 0),
(703, 'DARIUS', 'JOHANNE', 'Umanis', 'Consultant BI', 'Paris', 0),
(704, 'EJ-JAKHCH', 'YAHYA', NULL, NULL, NULL, 0),
(705, 'EL BENDADI', 'MOHAMED AMINE', NULL, NULL, NULL, 0),
(706, 'ESSAID', 'RACHID', NULL, NULL, NULL, 0),
(707, 'GHIMOUZ', 'MEHDI', 'Umanis', 'Consultant BI', 'Lyon', 0),
(708, 'MAABICH', 'ZAKARIA', ' Groupe AVISIA ', 'Consultant Décisionnel Plateforme SAS ', 'Paris', 0),
(709, 'MASSON', 'KENDAL', NULL, NULL, NULL, 0),
(710, 'NGUYEN', 'BU LAM Delphine', NULL, NULL, NULL, 0),
(711, 'KHALMOLA', 'Ina', NULL, NULL, NULL, 0),
(712, 'PICARD', 'Cyrille', NULL, NULL, NULL, 0),
(713, 'GUINARD', 'Anne-Claire', NULL, NULL, NULL, 0),
(714, 'NOEL', 'Geraldine', NULL, NULL, NULL, 0),
(715, 'RASAMIJAO', 'Nirisoa', NULL, NULL, NULL, 0),
(716, 'WALEHIANE', 'Frederic', NULL, NULL, NULL, 0),
(717, 'LEPAPE', 'Claire', NULL, NULL, NULL, 0),
(718, 'TEMPORAL', 'Yannick', NULL, NULL, NULL, 0),
(719, 'VALLEY', 'Camille', NULL, NULL, NULL, 0),
(720, 'DUVERGER', 'Raphaelle', NULL, NULL, NULL, 0),
(721, 'FABREGES', 'Remy', NULL, NULL, NULL, 0),
(722, 'HERRY', 'Mathieu', NULL, NULL, NULL, 0),
(723, 'OVIEVE', 'Nadege', NULL, NULL, NULL, 0),
(724, 'DUCREUX', 'Sylvain', NULL, NULL, NULL, 0),
(725, 'RUBEN', 'Brice', NULL, NULL, NULL, 0),
(726, 'DUMONT', 'Christophe', NULL, NULL, NULL, 0),
(727, 'GRACIEUX', 'Jonathan', NULL, NULL, NULL, 0),
(728, 'VAL', 'Corinne', NULL, NULL, NULL, 0),
(729, 'HUGON', 'Pierre', NULL, NULL, NULL, 0),
(730, 'DELLI', 'Hocine Acine', NULL, NULL, NULL, 0),
(731, 'EUSTRATIOU', 'Jean Richad', NULL, NULL, NULL, 0),
(732, 'LEROY', 'Benjamin', NULL, NULL, NULL, 0),
(733, 'ROBERT', 'Julien', NULL, NULL, NULL, 0),
(734, 'SEVY', 'Didier', NULL, NULL, NULL, 0),
(735, 'YU', 'Ching-Sheng', NULL, NULL, NULL, 0),
(736, 'CHEREL', 'Morgane', NULL, NULL, NULL, 0),
(737, 'THOMAS', 'Cécile', NULL, NULL, NULL, 0),
(738, 'AHAMADA  ', 'Selemani', NULL, NULL, NULL, 0),
(739, 'AZMI ', ' Brahim', NULL, NULL, NULL, 0),
(740, 'BECHA  ', 'Mohamed', NULL, NULL, NULL, 0),
(741, 'BENSEGHIR  ', 'Rabah', NULL, NULL, NULL, 0),
(742, 'BENZAKOUR  ', 'Anouar', NULL, NULL, NULL, 0),
(743, 'CHAKRI  ', 'Farid', NULL, NULL, NULL, 0),
(744, 'CHIGROS  ', 'Nicolas', NULL, NULL, NULL, 0),
(745, 'DAFF ', 'Mamadou', NULL, NULL, NULL, 0),
(746, 'DUPONT  ', 'Christophe', NULL, NULL, NULL, 0),
(747, 'FTAILI  ', 'Houda', NULL, NULL, NULL, 0),
(748, 'GIORGIA  ', 'Sylvain', NULL, NULL, NULL, 0),
(749, 'HENNOUNI  ', 'Nihal', NULL, NULL, NULL, 0),
(750, 'KASSIMI  ', 'Chorouk', NULL, NULL, NULL, 0),
(751, 'LOCTIN  ', 'Emilie', NULL, NULL, NULL, 0),
(752, 'NGUIADEM ', 'Fondjo', NULL, NULL, NULL, 0),
(753, 'BOUIFLANE  ', 'Aïssa', NULL, NULL, NULL, 0),
(754, 'HADDAD ', 'Michael', NULL, NULL, NULL, 0),
(755, 'ZEDAR ', 'Djamel', NULL, NULL, NULL, 0),
(756, 'ZAKRZEWSKI ', 'Dominique', NULL, NULL, NULL, 0),
(757, 'NIANG  ', 'Serigne', NULL, NULL, NULL, 0),
(758, 'OUAZZANI  ', 'Hamza', NULL, NULL, NULL, 0),
(759, 'ZOUBIRI', 'Moussa', NULL, NULL, NULL, 0),
(760, 'TANO', 'Clongossi', NULL, NULL, NULL, 0),
(761, 'MEGUENNI', 'Abdellah', NULL, NULL, NULL, 0),
(762, 'MECHEHOUD', 'Youcef', NULL, NULL, NULL, 0),
(763, 'LAABASSI', 'Mohamed', NULL, NULL, NULL, 0),
(764, 'IKHLEF', 'Chafik', NULL, NULL, NULL, 0),
(765, 'GUESSOUM', 'Abdelatif', NULL, NULL, NULL, 0),
(766, 'BELLOUL', 'Abou-Bakr', NULL, NULL, NULL, 0),
(767, 'AKNOUCHE', 'Rachid', NULL, NULL, NULL, 0),
(768, 'RASASAK', 'Vadsana', NULL, NULL, NULL, 0),
(769, 'AIT HAMADA', 'Taoufik', NULL, NULL, NULL, 0);

-- --------------------------------------------------------

--
-- Structure de la table `entreprise`
--

CREATE TABLE `entreprise` (
  `idEntreprise` int(11) NOT NULL,
  `NomEntreprise` varchar(80) COLLATE utf8_bin DEFAULT NULL,
  `AdresseRueEntreprise` varchar(200) COLLATE utf8_bin DEFAULT NULL,
  `AdresseCPEntreprise` int(5) DEFAULT NULL,
  `AdresseVilleEntreprise` varchar(20) COLLATE utf8_bin DEFAULT NULL,
  `AdressePaysEntreprise` varchar(15) COLLATE utf8_bin DEFAULT NULL,
  `TelephoneEntreprise` varchar(20) COLLATE utf8_bin DEFAULT NULL,
  `FaxEntreprise` varchar(20) COLLATE utf8_bin DEFAULT NULL,
  `EmailEntreprise` varchar(100) COLLATE utf8_bin DEFAULT NULL,
  `TypeEntreprise` varchar(20) COLLATE utf8_bin DEFAULT NULL
) ENGINE=InnoDB DEFAULT CHARSET=utf8 COLLATE=utf8_bin;

--
-- Déchargement des données de la table `entreprise`
--

INSERT INTO `entreprise` (`idEntreprise`, `NomEntreprise`, `AdresseRueEntreprise`, `AdresseCPEntreprise`, `AdresseVilleEntreprise`, `AdressePaysEntreprise`, `TelephoneEntreprise`, `FaxEntreprise`, `EmailEntreprise`, `TypeEntreprise`) VALUES
(5, 'LOGICA', '47 rue des Docks', 69009, 'LYON 9EME ARRONDISSE', 'France \r\n', '(0) 4 69 64 60 91', '(0) 4 69 64 60 91', 'vincent.foucteau@logica.com', 'SSII'),
(6, 'Logica', '47 Rue des Docks', 69009, 'LYON 9EME ARRONDISSE', 'France \r\n', '04 69 64 60 00', '04 69 64 60 00', 'melanie.jumas@logica.com', 'SSII'),
(7, 'Business & Decision', '45 quai charles de gaulle', 69006, 'LYON 6EME ARRONDISSE', 'France ', '0437473240', '0437473241', 'contact@businessdecision.com', 'SSII'),
(8, 'Keyrus', 'Le Techlid - ZAC du Sans Souci Route de Paisy', 69760, 'LIMONEST', 'France \r\n', '33 (0)4 37 49 69 49', '33 (0)4 37 49 69 59', 'keyrus-sud-est@keyrus.com', 'Société de services '),
(9, 'keyrus', 'ZAC du Sans Souci Route de Paisy', 69760, 'LIMONEST', 'France \r\n', '04 37 49 69 49', '04 37 49 69 49', 'www.keyrus.fr', 'BI'),
(10, 'Bull Méditerranée (Marseille)', 'Technopôle de Château-Gombert Bât. Euclide 43, Rue Frédéric Joliot-Curie ', 13013, 'CHATEAU GOMBERT', 'France ', '04 91 11 31 00', '04 91 11 31 15', 'http://www.bull.com', 'Société de service'),
(11, 'EDF DIN SEPTEN', '12 AVENUE ANTOINE DUTRIEVOZ', 69100, 'VILLEURBANNE', 'France \r\n', '04 69 65 67 03', '000', 'marion.casteran-casse@edf.fr', 'nsp'),
(12, 'Logica', 'Docksite, 47-49 rue des Docks, CS 20 218', 69007, 'LYON 7EME ARRONDISSE', 'France ', ' +33 (0) 4 69 64 60 ', '0000000000', 'gregory.levigne@logica.com', 'SSII'),
(13, 'Keyrus', 'Le Techlid', 69760, 'LIMONEST', 'France \r\n', '0437496949', '0437496959', 'keyrus-sud-est@keyrus.com', 'Conseil'),
(14, '2B Consulting‏', '35 rue du Val de Marne', 75013, 'PARIS 13EME ARRONDIS', 'France ', '+33 149 08 00 10', '+33 149 08 00 10', 'www.2bconsulting.com', 'Société de service '),
(15, 'Orange Business Services', '13 quai Gailleton', 69002, 'LYON 2EME ARRONDISSE', 'France \r\n', '0678110999', '-', 'francois.dulac@orange.com', '-'),
(16, 'INRA Unité de recherche Mét@risk- Méthodologie d\'analyse de risque alimentaire', '2 Place Viala', 34000, 'MONTPELLIER', 'France \n', '04 99 61 22 00', ' 04 99 61 29 00', 'contact@supagro.inra.fr', 'Laboratoire de reche'),
(17, 'Micropole', '4-5 place Charles Hernu', 69100, 'VILLEURBANNE', 'France ', '+33 (0)4 26 99 60 00', '+33 (0)4 26 99 60 01', 'lyon@micropole.com', 'SSII'),
(18, 'Business & Decision', '45 Quai Charles de Gaulle', 69006, 'LYON 6EME ARRONDISSE', 'France ', '04 37 47 32 40', '04 37 47 32 41', ' claire.jombart@businessdecision.com', 'SSII'),
(19, 'MonoUso', 'Barcelone', 8000, 'LES AYVELLES', 'Espagne \r\n', '931158455', '931158455', 'comercial@monouso.es', 'E-commerce'),
(20, 'Orange', '131 Avenue Felix Faure', 69003, 'LYON 3EME ARRONDISSE', 'France ', '04 78 63 02 13', '04 78 63 02 13', 'contact@orange.com', 'Telecom'),
(21, 'Keyrus', '155 rue Anatole France', 92593, 'Paris Levallois-Perr', 'France \r\n', '0141341149 ', '0141341010', 'Fanny.Fradon@keyrus.com', 'SSII'),
(22, 'NEXANS', '29, rue du Pré Gaudry', 69007, 'LYON 7EME ARRONDISSE', 'France \r\n', '04 72 72 58 35', '04 72 72 56 06', 'marine.maginier@nexans.com', 'Privé'),
(23, 'Keolis', '20 rue de Villette, immeuble le Bonnel', 69003, 'LYON 3EME ARRONDISSE', 'France \r\n', '0469668060', '0469668237', 'jptily@keolis-lyon.fr', '/'),
(24, 'NAPSTEC', '12 Rue Moreau', 75012, 'PARIS 12EME ARRONDIS', 'France \r\n', '(+33)(0)1 43 41 00 4', '(+33)(0)1 43 41 01 8', 'epanassie@napstec.com', 'SSII'),
(25, 'Côté Clients', '19 rue David', 69003, 'LYON 3EME ARRONDISSE', 'France \r\n', '0472365800', '0000000000', 'e.lecorps@coteclients.fr', 'entreprise'),
(26, 'VPS DATA', '2 rue Gabriel Bourdarias', 69200, 'VENISSIEUX', 'France \r\n', '0413332525', '0958213362', 'asultana@vps-data.fr', 'société de service'),
(27, 'IFSTTAR', '25, Avenue François Mitterran', 69500, 'BRON', 'France \r\n', '04 72 14 25 40', '04 72 14 25 50', 'sonia.cenille@entpe.fr', 'Laboratoire'),
(28, 'Murex', '8 rue Bellini', 75016, 'PARIS 16EME ARRONDIS', 'France \r\n', '0144053200', '0144053210', 'info@murex.com', 'Informations'),
(29, 'APOLLO SSC', '96 Boulevard Vivier Merle', 69003, 'LYON 3EME ARRONDISSE', 'France \r\n', '0478354570', '0478350398', 'yst@apollossc.com', '...'),
(30, 'TeamWork', '129, rue servient tour du crédit lyonnais', 69003, 'LYON 3EME ARRONDISSE', 'France ', '+33478636325', '+33478636325', 'teamwork@teamwork.net', 'SSII'),
(31, 'NAPSTEC', '16 rue Moreau', 75012, 'PARIS 12EME ARRONDIS', 'France ', '01 43 41 00 41', '0143410180', 'epanassie@napstec.com', 'SSII'),
(32, 'LICIT', '25 avenue françois mitterrand case 24 69675', 69000, 'LYON', 'France \r\n', '+334 78 65 69 07', '+33 (0)4 72 37 68 37', 'romain.billot@ifsttar.fr', 'Laboratoire d\'Ingéni'),
(33, 'Clasquin', '235 Cours Lafayette', 69006, 'LYON 6EME ARRONDISSE', 'France \r\n', '0472831700', '0472831700', 'smn.ho@clasquin.com', 'Société de Service'),
(34, 'buzzinbees SAS', '2045 route des Dolines', 6560, 'SOPHIA ANTIPOLIS', 'France \r\n', '06 15 90 76 78', '+33 476 703 054', 'david.mansutti@buzzinbees.com', 'SAS'),
(35, 'IFSTAR', '25 avenue François Mitterrand', 69500, 'BRON', 'France \r\n', '04 72 14 23 00', '04 72 37 68 37', 'umrestte@ifsttar.fr ', 'Etablissement Publiq'),
(36, 'Val Rosay', '133 route de st cyr', 69370, 'ST DIDIER AU MONT D ', 'France ', '0472535289', '0472535288', 'dubourvieux.vincent@laposte.net', 'Structure médicale'),
(37, 'EMC2', 'Espace Agricole Nid de Cygne', 55100, 'BRAS SUR MEUSE', 'France \r\n', '03 29 83 29 29', '0329832999', 'contact@emc2.coop', 'coopérative agricole'),
(38, 'ECOSYS GROUP', '68 rue faubourg saint honoré', 75008, 'PARIS 8EME ARRONDISS', 'France \r\n', '01 53 43 27 66', '0', 'francoise.auberger@ecosysgroup.com', 'conseil'),
(39, 'Keyrus', 'ZAC du Sans Souci Route de Paisy', 69760, 'LIMONEST', 'France \r\n', '04 37 49 69 49', '04 37 49 69 59', 'www.keyrus.com', 'Privée'),
(40, 'Logica', '47-49 rue des Docks', 69336, 'lyon', 'France \r\n', '+33 (0) 4 69 64 62 3', '000000000', 'vincent.foucteau@logica.com', 'SSII'),
(41, 'Division des études', 'Campus Porte des Alpes', 69500, 'BRON', 'France \r\n', '0478772371', '?', 'Annie.Cuzin@univ-lyon2.fr', '?'),
(42, 'APICIL', '1465', 69005, 'LYON 5EME ARRONDISSE', 'France ', '0664070230', '66996', 'insdrame007@hotmail.com', 'mail'),
(43, 'Division Etudes Cellule Apogée ', 'Campus Porte des Alpes 5.av.Pierre Mendès-France ', 69500, 'BRON', 'France \r\n', '04 78 77 23 71', '000000', 'annie.cusin@univ-lyon2.fr', '00000'),
(44, 'Hospices civils de Lyon - Groupement hospitalier Est', 'Boulevard Pinel', 69500, 'BRON', 'France ', '04 24 85 64 22', '04 24 85 64 22', 'catherine.michel@chu-lyon.fr', 'adminsitration'),
(45, 'IFSTTAR Institut français des Sciences et Technologies de Transport, Aménagement', '25 avenue François Mitterrand', 69005, 'LYON 5EME ARRONDISSE', 'France \r\n', '(0)4 72 14 25 43    ', '(33) (0)4 72 37 68 3', 'www.ifsttar.fr', 'EPST'),
(46, 'Tavira', '29 avenue Hoche', 75008, 'PARIS 8EME ARRONDISS', 'France \r\n', '0153430385', '0153430385', 'infos@tavira.fr', 'Conseil'),
(47, 'Patrimmo', '345 rue Garibaldi', 69007, 'LYON 7EME ARRONDISSE', 'France \r\n', '0437420404', '0437426970', 'cduclos@patr-immo.com', 'Immobilier'),
(48, 'Sino-African Consultancy Ltd.', '5 Floor Hong Cheng Xin Tai Plaza No.105 Road Chao Yang District of Beijing,China', 69100, 'VILLEURBANNE', 'France \r\n', '+86 139-1108-1878', '+86 10-59623258', 'gondy@hengbao.com', 'Commerce'),
(49, 'Digital télécom SAS', '100 rue des Fougères', 69009, 'LYON 9EME ARRONDISSE', 'France \r\n', '0482533131', '0482534968', 'contact@digitaltelecom.fr', 'SAS'),
(50, 'verrerie villeurbannaise', '27 rue Léon Blum', 69100, 'VILLEURBANNE', 'France \r\n', '04 72 34 09 48', '04 72 35 16 07', 'cyrille-mauguin@vervil.fr', 'petite entreprise'),
(51, 'DCNS', 'rue choiseul', 56100, 'LORIENT', 'France \r\n', '02 97 12 10 00', 'inconnu', 'inconnu', 'expert naval'),
(52, 'M2M Group', '16, Rue Abdelhak Ben Mehyou,  Quartier Palmiers,  20 100 Casablanca', 20100, 'BILIA', 'Maroc \r\n', '+212 522 43 53 00', '+212 522 47 04 45', 'moreinfo@m2mgroup.com', 'SA');

-- --------------------------------------------------------

--
-- Structure de la table `etudiant`
--

CREATE TABLE `etudiant` (
  `NumEtudiant` int(11) NOT NULL,
  `NumUtilisateur` int(11) NOT NULL,
  `Promotion` year(4) NOT NULL,
  `DateInscriptionEtudiant` date DEFAULT NULL,
  `numINEEtudiant` varchar(30) COLLATE utf8_bin DEFAULT NULL,
  `idFormation` int(11) NOT NULL,
  `groupe` varchar(2) COLLATE utf8_bin NOT NULL,
  `idEntreprise` int(11) NOT NULL,
  `emploi_id` int(11) DEFAULT NULL,
  `Id_CP` varchar(5) COLLATE utf8_bin DEFAULT NULL
) ENGINE=InnoDB DEFAULT CHARSET=utf8 COLLATE=utf8_bin;

--
-- Déchargement des données de la table `etudiant`
--

INSERT INTO `etudiant` (`NumEtudiant`, `NumUtilisateur`, `Promotion`, `DateInscriptionEtudiant`, `numINEEtudiant`, `idFormation`, `groupe`, `idEntreprise`, `emploi_id`, `Id_CP`) VALUES
(1, 15842, 1996, NULL, NULL, 5, 'G1', 0, 1, NULL),
(2, 15843, 1996, NULL, NULL, 5, 'G1', 184, 2, NULL),
(3, 15844, 1996, NULL, NULL, 5, 'G1', 94, 3, NULL),
(4, 15845, 1996, NULL, NULL, 5, 'G1', 0, 4, NULL),
(5, 15846, 1996, NULL, NULL, 5, 'G1', 108, 5, NULL),
(6, 15847, 1996, NULL, NULL, 5, 'G1', 0, 6, NULL),
(7, 15848, 1996, NULL, NULL, 5, 'G1', 0, 7, NULL),
(8, 15849, 1996, NULL, NULL, 5, 'G1', 147, 8, NULL),
(9, 15850, 1996, NULL, NULL, 5, 'G1', 111, 9, NULL),
(10, 15851, 1996, NULL, NULL, 5, 'G1', 0, 10, NULL),
(11, 15852, 1996, NULL, NULL, 5, 'G1', 0, 11, NULL),
(12, 15853, 1996, NULL, NULL, 5, 'G1', 0, 12, NULL),
(13, 15854, 1997, NULL, NULL, 5, 'G1', 85, 13, NULL),
(14, 15855, 1997, NULL, NULL, 5, 'G1', 0, 14, NULL),
(15, 15856, 1997, NULL, NULL, 5, 'G1', 0, 15, NULL),
(16, 15857, 1997, NULL, NULL, 5, 'G1', 190, 16, NULL),
(17, 15858, 1997, NULL, NULL, 5, 'G1', 1, 17, NULL),
(18, 15859, 1997, NULL, NULL, 5, 'G1', 0, 18, NULL),
(19, 15860, 1997, NULL, NULL, 5, 'G1', 171, 19, NULL),
(20, 15861, 1997, NULL, NULL, 5, 'G1', 83, 20, NULL),
(21, 15862, 1997, NULL, NULL, 5, 'G1', 49, 21, NULL),
(22, 15863, 1997, NULL, NULL, 5, 'G1', 133, 22, NULL),
(23, 15864, 1997, NULL, NULL, 5, 'G1', 66, 23, NULL),
(24, 15865, 1997, NULL, NULL, 5, 'G1', 43, 24, NULL),
(25, 15866, 1997, NULL, NULL, 5, 'G1', 0, 25, NULL),
(26, 15867, 1997, NULL, NULL, 5, 'G1', 211, 26, NULL),
(27, 15868, 1997, NULL, NULL, 5, 'G1', 15, 27, NULL),
(28, 15869, 1997, NULL, NULL, 5, 'G1', 0, 28, NULL),
(29, 15870, 1998, NULL, NULL, 5, 'G1', 0, 29, NULL),
(30, 15871, 1998, NULL, NULL, 5, 'G1', 69, 30, NULL),
(31, 15872, 1998, NULL, NULL, 5, 'G1', 73, 31, NULL),
(32, 15873, 1998, NULL, NULL, 5, 'G1', 35, 32, NULL),
(33, 15874, 1998, NULL, NULL, 5, 'G1', 0, 33, NULL),
(34, 15875, 1998, NULL, NULL, 5, 'G1', 6, 34, NULL),
(35, 15876, 1998, NULL, NULL, 5, 'G1', 40, 35, NULL),
(36, 15877, 1998, NULL, NULL, 5, 'G1', 17, 36, NULL),
(37, 15878, 1998, NULL, NULL, 5, 'G1', 11, 37, NULL),
(38, 15879, 1998, NULL, NULL, 5, 'G1', 0, 38, NULL),
(39, 15880, 1998, NULL, NULL, 5, 'G1', 193, 39, NULL),
(40, 15881, 1998, NULL, NULL, 5, 'G1', 0, 40, NULL),
(41, 15882, 1998, NULL, NULL, 5, 'G1', 0, 41, NULL),
(42, 15883, 1998, NULL, NULL, 5, 'G1', 0, 42, NULL),
(43, 15884, 1998, NULL, NULL, 5, 'G1', 0, 43, NULL),
(44, 15885, 1998, NULL, NULL, 5, 'G1', 139, 44, NULL),
(45, 15886, 1998, NULL, NULL, 5, 'G1', 0, 45, NULL),
(46, 15887, 1998, NULL, NULL, 5, 'G1', 132, 46, NULL),
(47, 15888, 1998, NULL, NULL, 5, 'G1', 0, 47, NULL),
(48, 15889, 1999, NULL, NULL, 5, 'G1', 0, 48, NULL),
(49, 15890, 1999, NULL, NULL, 5, 'G1', 0, 49, NULL),
(50, 15891, 1999, NULL, NULL, 5, 'G1', 39, 50, NULL),
(51, 15892, 1999, NULL, NULL, 5, 'G1', 9, 51, NULL),
(52, 15893, 1999, NULL, NULL, 5, 'G1', 0, 52, NULL),
(53, 15894, 1999, NULL, NULL, 5, 'G1', 28, 53, NULL),
(54, 15895, 1999, NULL, NULL, 5, 'G1', 17, 54, NULL),
(55, 15896, 1999, NULL, NULL, 5, 'G1', 77, 55, NULL),
(56, 15897, 1999, NULL, NULL, 5, 'G1', 0, 56, NULL),
(57, 15898, 1999, NULL, NULL, 5, 'G1', 13, 57, NULL),
(58, 15899, 1999, NULL, NULL, 5, 'G1', 5, 58, NULL),
(59, 15900, 1999, NULL, NULL, 5, 'G1', 102, 59, NULL),
(60, 15901, 1999, NULL, NULL, 5, 'G1', 167, 60, NULL),
(61, 15902, 1999, NULL, NULL, 5, 'G1', 159, 61, NULL),
(62, 15903, 1999, NULL, NULL, 5, 'G1', 124, 62, NULL),
(63, 15904, 1999, NULL, NULL, 5, 'G1', 0, 63, NULL),
(64, 15905, 2000, NULL, NULL, 5, 'G1', 0, 64, NULL),
(65, 15906, 2000, NULL, NULL, 5, 'G1', 23, 65, NULL),
(66, 15907, 2000, NULL, NULL, 5, 'G1', 59, 66, NULL),
(67, 15908, 2000, NULL, NULL, 5, 'G1', 125, 67, NULL),
(68, 15909, 2000, NULL, NULL, 5, 'G1', 153, 68, NULL),
(69, 15910, 2000, NULL, NULL, 5, 'G1', 17, 69, NULL),
(70, 15911, 2000, NULL, NULL, 5, 'G1', 31, 70, NULL),
(71, 15912, 2000, NULL, NULL, 5, 'G1', 206, 71, NULL),
(72, 15913, 2000, NULL, NULL, 5, 'G1', 62, 72, NULL),
(73, 15914, 2000, NULL, NULL, 5, 'G1', 22, 73, NULL),
(74, 15915, 2000, NULL, NULL, 5, 'G1', 187, 74, NULL),
(75, 15916, 2000, NULL, NULL, 5, 'G1', 149, 75, NULL),
(76, 15917, 2000, NULL, NULL, 5, 'G1', 0, 76, NULL),
(77, 15918, 2000, NULL, NULL, 5, 'G1', 151, 77, NULL),
(78, 15919, 2000, NULL, NULL, 5, 'G1', 91, 78, NULL),
(79, 15920, 2000, NULL, NULL, 5, 'G1', 17, 79, NULL),
(80, 15921, 2000, NULL, NULL, 5, 'G1', 17, 80, NULL),
(81, 15922, 2000, NULL, NULL, 5, 'G1', 0, 81, NULL),
(82, 15923, 2000, NULL, NULL, 5, 'G1', 116, 82, NULL),
(83, 15924, 2000, NULL, NULL, 5, 'G1', 72, 83, NULL),
(84, 15925, 2000, NULL, NULL, 5, 'G1', 37, 84, NULL),
(85, 15926, 2000, NULL, NULL, 5, 'G1', 0, 85, NULL),
(86, 15927, 2001, NULL, NULL, 6, 'G2', 0, 86, NULL),
(87, 15928, 2001, NULL, NULL, 6, 'G2', 0, 87, NULL),
(88, 15929, 2001, NULL, NULL, 6, 'G2', 0, 88, NULL),
(89, 15930, 2001, NULL, NULL, 6, 'G2', 17, 89, NULL),
(90, 15931, 2001, NULL, NULL, 5, 'G1', 89, 90, NULL),
(91, 15932, 2001, NULL, NULL, 5, 'G1', 130, 91, NULL),
(92, 15933, 2001, NULL, NULL, 5, 'G1', 210, 92, NULL),
(93, 15934, 2001, NULL, NULL, 5, 'G1', 0, 93, NULL),
(94, 15935, 2001, NULL, NULL, 5, 'G1', 0, 94, NULL),
(95, 15936, 2001, NULL, NULL, 5, 'G1', 182, 95, NULL),
(96, 15937, 2001, NULL, NULL, 5, 'G1', 0, 96, NULL),
(97, 15938, 2001, NULL, NULL, 5, 'G1', 207, 97, NULL),
(98, 15939, 2001, NULL, NULL, 5, 'G1', 113, 98, NULL),
(99, 15940, 2001, NULL, NULL, 5, 'G1', 0, 99, NULL),
(100, 15941, 2001, NULL, NULL, 5, 'G1', 0, 100, NULL),
(101, 15942, 2001, NULL, NULL, 5, 'G1', 7, 101, NULL),
(102, 15943, 2001, NULL, NULL, 5, 'G1', 39, 102, NULL),
(103, 15944, 2001, NULL, NULL, 5, 'G1', 0, 103, NULL),
(104, 15945, 2001, NULL, NULL, 5, 'G1', 0, 104, NULL),
(105, 15946, 2001, NULL, NULL, 5, 'G1', 0, 105, NULL),
(106, 15947, 2001, NULL, NULL, 5, 'G1', 0, 106, NULL),
(107, 15948, 2001, NULL, NULL, 5, 'G1', 0, 107, NULL),
(108, 15949, 2001, NULL, NULL, 5, 'G1', 0, 108, NULL),
(109, 15950, 2001, NULL, NULL, 5, 'G1', 27, 109, NULL),
(110, 15951, 2001, NULL, NULL, 5, 'G1', 78, 110, NULL),
(111, 15952, 2001, NULL, NULL, 5, 'G1', 0, 111, NULL),
(112, 15953, 2001, NULL, NULL, 5, 'G1', 0, 112, NULL),
(113, 15954, 2001, NULL, NULL, 5, 'G1', 0, 113, NULL),
(114, 15955, 2001, NULL, NULL, 5, 'G1', 194, 114, NULL),
(115, 15956, 2001, NULL, NULL, 5, 'G1', 7, 115, NULL),
(116, 15957, 2001, NULL, NULL, 5, 'G1', 0, 116, NULL),
(117, 15958, 2001, NULL, NULL, 5, 'G1', 0, 117, NULL),
(118, 15959, 2001, NULL, NULL, 5, 'G1', 0, 118, NULL),
(119, 15960, 2001, NULL, NULL, 5, 'G1', 0, 119, NULL),
(120, 15961, 2001, NULL, NULL, 5, 'G1', 0, 120, NULL),
(121, 15962, 2001, NULL, NULL, 5, 'G1', 0, 121, NULL),
(122, 15963, 2001, NULL, NULL, 5, 'G1', 0, 122, NULL),
(123, 15964, 2001, NULL, NULL, 5, 'G1', 87, 123, NULL),
(124, 15965, 2001, NULL, NULL, 5, 'G1', 0, 124, NULL),
(125, 15966, 2001, NULL, NULL, 5, 'G1', 0, 125, NULL),
(126, 15967, 2001, NULL, NULL, 5, 'G1', 0, 126, NULL),
(127, 15968, 2002, NULL, NULL, 5, 'G1', 34, 127, NULL),
(128, 15969, 2002, NULL, NULL, 5, 'G1', 7, 128, NULL),
(129, 15970, 2002, NULL, NULL, 5, 'G1', 33, 129, NULL),
(130, 15971, 2002, NULL, NULL, 5, 'G1', 0, 130, NULL),
(131, 15972, 2002, NULL, NULL, 5, 'G1', 0, 131, NULL),
(132, 15973, 2002, NULL, NULL, 5, 'G1', 0, 132, NULL),
(133, 15974, 2002, NULL, NULL, 5, 'G1', 0, 133, NULL),
(134, 15975, 2002, NULL, NULL, 5, 'G1', 74, 134, NULL),
(135, 15976, 2002, NULL, NULL, 5, 'G1', 0, 135, NULL),
(136, 15977, 2002, NULL, NULL, 5, 'G1', 5, 136, NULL),
(137, 15978, 2002, NULL, NULL, 5, 'G1', 57, 137, NULL),
(138, 15979, 2002, NULL, NULL, 5, 'G1', 208, 138, NULL),
(139, 15980, 2002, NULL, NULL, 5, 'G1', 70, 139, NULL),
(140, 15981, 2002, NULL, NULL, 5, 'G1', 0, 140, NULL),
(141, 15982, 2002, NULL, NULL, 5, 'G1', 0, 141, NULL),
(142, 15983, 2002, NULL, NULL, 5, 'G1', 180, 142, NULL),
(143, 15984, 2002, NULL, NULL, 5, 'G1', 71, 143, NULL),
(144, 15985, 2002, NULL, NULL, 5, 'G1', 0, 144, NULL),
(145, 15986, 2002, NULL, NULL, 5, 'G1', 0, 145, NULL),
(146, 15987, 2002, NULL, NULL, 5, 'G1', 0, 146, NULL),
(147, 15988, 2002, NULL, NULL, 5, 'G1', 145, 147, NULL),
(148, 15989, 2002, NULL, NULL, 5, 'G1', 0, 148, NULL),
(149, 15990, 2002, NULL, NULL, 5, 'G1', 0, 149, NULL),
(150, 15991, 2003, NULL, NULL, 5, 'G1', 7, 150, NULL),
(151, 15992, 2003, NULL, NULL, 5, 'G1', 160, 151, NULL),
(152, 15993, 2003, NULL, NULL, 5, 'G1', 6, 152, NULL),
(153, 15994, 2003, NULL, NULL, 5, 'G1', 203, 153, NULL),
(154, 15995, 2003, NULL, NULL, 5, 'G1', 0, 154, NULL),
(155, 15996, 2003, NULL, NULL, 5, 'G1', 0, 155, NULL),
(156, 15997, 2003, NULL, NULL, 5, 'G1', 36, 156, NULL),
(157, 15998, 2003, NULL, NULL, 5, 'G1', 0, 157, NULL),
(158, 15999, 2003, NULL, NULL, 5, 'G1', 0, 158, NULL),
(159, 16000, 2003, NULL, NULL, 5, 'G1', 25, 159, NULL),
(160, 16001, 2003, NULL, NULL, 5, 'G1', 115, 160, NULL),
(161, 16002, 2003, NULL, NULL, 5, 'G1', 0, 161, NULL),
(162, 16003, 2003, NULL, NULL, 5, 'G1', 205, 162, NULL),
(163, 16004, 2003, NULL, NULL, 5, 'G1', 0, 163, NULL),
(164, 16005, 2003, NULL, NULL, 5, 'G1', 92, 164, NULL),
(165, 16006, 2003, NULL, NULL, 5, 'G1', 0, 165, NULL),
(166, 16007, 2003, NULL, NULL, 5, 'G1', 0, 166, NULL),
(167, 16008, 2003, NULL, NULL, 5, 'G1', 170, 167, NULL),
(168, 16009, 2003, NULL, NULL, 5, 'G1', 0, 168, NULL),
(169, 16010, 2003, NULL, NULL, 5, 'G1', 0, 169, NULL),
(170, 16011, 2003, NULL, NULL, 5, 'G1', 18, 170, NULL),
(171, 16012, 2003, NULL, NULL, 5, 'G1', 179, 171, NULL),
(172, 16013, 2003, NULL, NULL, 5, 'G1', 10, 172, NULL),
(173, 16014, 2003, NULL, NULL, 5, 'G1', 0, 173, NULL),
(174, 16015, 2003, NULL, NULL, 5, 'G1', 0, 174, NULL),
(175, 16016, 2003, NULL, NULL, 5, 'G1', 174, 175, NULL),
(176, 16017, 2003, NULL, NULL, 5, 'G1', 0, 176, NULL),
(177, 16018, 2003, NULL, NULL, 5, 'G1', 0, 177, NULL),
(178, 16019, 2003, NULL, NULL, 5, 'G1', 0, 178, NULL),
(179, 16020, 2003, NULL, NULL, 5, 'G1', 0, 179, NULL),
(180, 16021, 2003, NULL, NULL, 5, 'G1', 0, 180, NULL),
(181, 16022, 2003, NULL, NULL, 5, 'G1', 0, 181, NULL),
(182, 16023, 2003, NULL, NULL, 5, 'G1', 0, 182, NULL),
(183, 16024, 2003, NULL, NULL, 5, 'G1', 175, 183, NULL),
(184, 16025, 2005, NULL, NULL, 6, 'G2', 191, 184, NULL),
(185, 16026, 2005, NULL, NULL, 6, 'G2', 0, 185, NULL),
(186, 16027, 2005, NULL, NULL, 5, 'G1', 0, 186, NULL),
(187, 16028, 2005, NULL, NULL, 5, 'G1', 15, 187, NULL),
(188, 16029, 2005, NULL, NULL, 5, 'G1', 0, 188, NULL),
(189, 16030, 2005, NULL, NULL, 5, 'G1', 0, 189, NULL),
(190, 16031, 2005, NULL, NULL, 5, 'G1', 0, 190, NULL),
(191, 16032, 2005, NULL, NULL, 5, 'G1', 11, 191, NULL),
(192, 16033, 2005, NULL, NULL, 5, 'G1', 0, 192, NULL),
(193, 16034, 2005, NULL, NULL, 5, 'G1', 76, 193, NULL),
(194, 16035, 2005, NULL, NULL, 5, 'G1', 0, 194, NULL),
(195, 16036, 2005, NULL, NULL, 5, 'G1', 135, 195, NULL),
(196, 16037, 2005, NULL, NULL, 5, 'G1', 127, 196, NULL),
(197, 16038, 2005, NULL, NULL, 5, 'G1', 0, 197, NULL),
(198, 16039, 2005, NULL, NULL, 5, 'G1', 0, 198, NULL),
(199, 16040, 2005, NULL, NULL, 5, 'G1', 202, 199, NULL),
(200, 16041, 2005, NULL, NULL, 5, 'G1', 67, 200, NULL),
(201, 16042, 2005, NULL, NULL, 5, 'G1', 7, 201, NULL),
(202, 16043, 2005, NULL, NULL, 5, 'G1', 0, 202, NULL),
(203, 16044, 2005, NULL, NULL, 6, 'G2', 59, 203, NULL),
(204, 16045, 2005, NULL, NULL, 5, 'G1', 0, 204, NULL),
(205, 16046, 2005, NULL, NULL, 5, 'G1', 121, 205, NULL),
(206, 16047, 2005, NULL, NULL, 5, 'G1', 0, 206, NULL),
(207, 16048, 2005, NULL, NULL, 5, 'G1', 81, 207, NULL),
(208, 16049, 2005, NULL, NULL, 5, 'G1', 63, 208, NULL),
(209, 16050, 2005, NULL, NULL, 5, 'G1', 0, 209, NULL),
(210, 16051, 2005, NULL, NULL, 5, 'G1', 58, 210, NULL),
(211, 16052, 2005, NULL, NULL, 5, 'G1', 0, 211, NULL),
(212, 16053, 2005, NULL, NULL, 5, 'G1', 0, 212, NULL),
(213, 16054, 2005, NULL, NULL, 5, 'G1', 17, 213, NULL),
(214, 16055, 2005, NULL, NULL, 5, 'G1', 79, 214, NULL),
(215, 16056, 2005, NULL, NULL, 5, 'G1', 0, 215, NULL),
(216, 16057, 2005, NULL, NULL, 5, 'G1', 0, 216, NULL),
(217, 16058, 2005, NULL, NULL, 5, 'G1', 0, 217, NULL),
(218, 16059, 2005, NULL, NULL, 5, 'G1', 0, 218, NULL),
(219, 16060, 2005, NULL, NULL, 5, 'G1', 0, 219, NULL),
(220, 16061, 2005, NULL, NULL, 5, 'G1', 0, 220, NULL),
(221, 16062, 2005, NULL, NULL, 5, 'G1', 0, 221, NULL),
(222, 16063, 2005, NULL, NULL, 5, 'G1', 0, 222, NULL),
(223, 16064, 2005, NULL, NULL, 5, 'G1', 0, 223, NULL),
(224, 16065, 2005, NULL, NULL, 5, 'G1', 0, 224, NULL),
(225, 16066, 2005, NULL, NULL, 5, 'G1', 193, 225, NULL),
(226, 16067, 2006, NULL, NULL, 5, 'G1', 0, 226, NULL),
(227, 16068, 2006, NULL, NULL, 5, 'G1', 0, 227, NULL),
(228, 16069, 2006, NULL, NULL, 5, 'G1', 121, 228, NULL),
(229, 16070, 2006, NULL, NULL, 5, 'G1', 117, 229, NULL),
(230, 16071, 2006, NULL, NULL, 5, 'G1', 97, 230, NULL),
(231, 16072, 2006, NULL, NULL, 5, 'G1', 196, 231, NULL),
(232, 16073, 2006, NULL, NULL, 5, 'G1', 136, 232, NULL),
(233, 16074, 2006, NULL, NULL, 5, 'G1', 0, 233, NULL),
(234, 16075, 2006, NULL, NULL, 5, 'G1', 120, 234, NULL),
(235, 16076, 2006, NULL, NULL, 5, 'G1', 119, 235, NULL),
(236, 16077, 2006, NULL, NULL, 5, 'G1', 0, 236, NULL),
(237, 16078, 2006, NULL, NULL, 5, 'G1', 156, 237, NULL),
(238, 16079, 2006, NULL, NULL, 5, 'G1', 24, 238, NULL),
(239, 16080, 2006, NULL, NULL, 5, 'G1', 118, 239, NULL),
(240, 16081, 2006, NULL, NULL, 5, 'G1', 0, 240, NULL),
(241, 16082, 2006, NULL, NULL, 5, 'G1', 0, 241, NULL),
(242, 16083, 2006, NULL, NULL, 5, 'G1', 189, 242, NULL),
(243, 16084, 2006, NULL, NULL, 5, 'G1', 7, 243, NULL),
(244, 16085, 2006, NULL, NULL, 5, 'G1', 0, 244, NULL),
(245, 16086, 2006, NULL, NULL, 5, 'G1', 97, 245, NULL),
(246, 16087, 2006, NULL, NULL, 5, 'G1', 152, 246, NULL),
(247, 16088, 2006, NULL, NULL, 5, 'G1', 16, 247, NULL),
(248, 16089, 2006, NULL, NULL, 5, 'G1', 25, 248, NULL),
(249, 16090, 2006, NULL, NULL, 5, 'G1', 0, 249, NULL),
(250, 16091, 2006, NULL, NULL, 5, 'G1', 0, 250, NULL),
(251, 16092, 2007, NULL, NULL, 5, 'G1', 51, 251, NULL),
(252, 16093, 2007, NULL, NULL, 5, 'G1', 15, 252, NULL),
(253, 16094, 2007, NULL, NULL, 5, 'G1', 39, 253, NULL),
(254, 16095, 2007, NULL, NULL, 5, 'G1', 0, 254, NULL),
(255, 16096, 2007, NULL, NULL, 5, 'G1', 165, 255, NULL),
(256, 16097, 2007, NULL, NULL, 5, 'G1', 0, 256, NULL),
(257, 16098, 2007, NULL, NULL, 5, 'G1', 7, 257, NULL),
(258, 16099, 2007, NULL, NULL, 5, 'G1', 7, 258, NULL),
(259, 16100, 2007, NULL, NULL, 5, 'G1', 24, 259, NULL),
(260, 16101, 2007, NULL, NULL, 5, 'G1', 3, 260, NULL),
(261, 16102, 2007, NULL, NULL, 5, 'G1', 12, 261, NULL),
(262, 16103, 2007, NULL, NULL, 5, 'G1', 90, 262, NULL),
(263, 16104, 2007, NULL, NULL, 5, 'G1', 0, 263, NULL),
(264, 16105, 2007, NULL, NULL, 5, 'G1', 0, 264, NULL),
(265, 16106, 2007, NULL, NULL, 5, 'G1', 0, 265, NULL),
(266, 16107, 2007, NULL, NULL, 5, 'G1', 0, 266, NULL),
(267, 16108, 2007, NULL, NULL, 5, 'G1', 177, 267, NULL),
(268, 16109, 2007, NULL, NULL, 5, 'G1', 96, 268, NULL),
(269, 16110, 2007, NULL, NULL, 5, 'G1', 106, 269, NULL),
(270, 16111, 2007, NULL, NULL, 5, 'G1', 24, 270, NULL),
(271, 16112, 2007, NULL, NULL, 5, 'G1', 187, 271, NULL),
(272, 16113, 2007, NULL, NULL, 5, 'G1', 0, 272, NULL),
(273, 16114, 2007, NULL, NULL, 5, 'G1', 142, 273, NULL),
(274, 16115, 2007, NULL, NULL, 5, 'G1', 29, 274, NULL),
(275, 16116, 2007, NULL, NULL, 5, 'G1', 123, 275, NULL),
(276, 16117, 2007, NULL, NULL, 5, 'G1', 0, 276, NULL),
(277, 16118, 2007, NULL, NULL, 5, 'G1', 0, 277, NULL),
(278, 16119, 2007, NULL, NULL, 5, 'G1', 193, 278, NULL),
(279, 16120, 2007, NULL, NULL, 5, 'G1', 166, 279, NULL),
(280, 16121, 2008, NULL, NULL, 6, 'G2', 0, 280, NULL),
(281, 16122, 2008, NULL, NULL, 6, 'G2', 0, 281, NULL),
(282, 16123, 2008, NULL, NULL, 6, 'G2', 0, 282, NULL),
(283, 16124, 2008, NULL, NULL, 6, 'G2', 0, 283, NULL),
(284, 16125, 2008, NULL, NULL, 6, 'G2', 0, 284, NULL),
(285, 16126, 2008, NULL, NULL, 6, 'G2', 0, 285, NULL),
(286, 16127, 2008, NULL, NULL, 6, 'G2', 0, 286, NULL),
(287, 16128, 2008, NULL, NULL, 6, 'G2', 0, 287, NULL),
(288, 16129, 2008, NULL, NULL, 6, 'G2', 0, 288, NULL),
(289, 16130, 2008, NULL, NULL, 6, 'G2', 0, 289, NULL),
(290, 16131, 2008, NULL, NULL, 6, 'G2', 0, 290, NULL),
(291, 16132, 2008, NULL, NULL, 6, 'G2', 0, 291, NULL),
(292, 16133, 2008, NULL, NULL, 6, 'G2', 0, 292, NULL),
(293, 16134, 2008, NULL, NULL, 6, 'G2', 0, 293, NULL),
(294, 16135, 2008, NULL, NULL, 6, 'G2', 0, 294, NULL),
(295, 16136, 2008, NULL, NULL, 6, 'G2', 0, 295, NULL),
(296, 16137, 2008, NULL, NULL, 6, 'G2', 0, 296, NULL),
(297, 16138, 2008, NULL, NULL, 6, 'G2', 0, 297, NULL),
(298, 16139, 2008, NULL, NULL, 6, 'G2', 0, 298, NULL),
(299, 16140, 2008, NULL, NULL, 5, 'G2', 0, 299, NULL),
(300, 16141, 2009, NULL, NULL, 5, 'G1', 0, 300, NULL),
(301, 16142, 2009, NULL, NULL, 5, 'G1', 0, 301, NULL),
(302, 16143, 2009, NULL, NULL, 5, 'G1', 195, 302, NULL),
(303, 16144, 2009, NULL, NULL, 5, 'G1', 0, 303, NULL),
(304, 16145, 2009, NULL, NULL, 5, 'G1', 0, 304, NULL),
(305, 16146, 2009, NULL, NULL, 5, 'G1', 110, 305, NULL),
(306, 16147, 2009, NULL, NULL, 5, 'G1', 200, 306, NULL),
(307, 16148, 2009, NULL, NULL, 5, 'G1', 0, 307, NULL),
(308, 16149, 2009, NULL, NULL, 5, 'G1', 0, 308, NULL),
(309, 16150, 2009, NULL, NULL, 5, 'G1', 0, 309, NULL),
(310, 16151, 2009, NULL, NULL, 5, 'G1', 0, 310, NULL),
(311, 16152, 2009, NULL, NULL, 5, 'G1', 0, 311, NULL),
(312, 16153, 2009, NULL, NULL, 5, 'G1', 4, 312, NULL),
(313, 16154, 2009, NULL, NULL, 5, 'G1', 0, 313, NULL),
(314, 16155, 2009, NULL, NULL, 5, 'G1', 0, 314, NULL),
(315, 16156, 2009, NULL, NULL, 5, 'G1', 0, 315, NULL),
(316, 16157, 2009, NULL, NULL, 5, 'G1', 0, 316, NULL),
(317, 16158, 2009, NULL, NULL, 5, 'G1', 0, 317, NULL),
(318, 16159, 2009, NULL, NULL, 5, 'G1', 0, 318, NULL),
(319, 16160, 2009, NULL, NULL, 5, 'G1', 0, 319, NULL),
(320, 16161, 2009, NULL, NULL, 5, 'G1', 146, 320, NULL),
(321, 16162, 2009, NULL, NULL, 5, 'G1', 80, 321, NULL),
(322, 16163, 2009, NULL, NULL, 5, 'G1', 186, 322, NULL),
(323, 16164, 2009, NULL, NULL, 5, 'G1', 0, 323, NULL),
(324, 16165, 2009, NULL, NULL, 6, 'G2', 0, 324, NULL),
(325, 16166, 2009, NULL, NULL, 6, 'G2', 0, 325, NULL),
(326, 16167, 2009, NULL, NULL, 6, 'G2', 162, 326, NULL),
(327, 16168, 2009, NULL, NULL, 6, 'G2', 0, 327, NULL),
(328, 16169, 2009, NULL, NULL, 6, 'G2', 82, 328, NULL),
(329, 16170, 2009, NULL, NULL, 6, 'G2', 0, 329, NULL),
(330, 16171, 2009, NULL, NULL, 6, 'G2', 0, 330, NULL),
(331, 16172, 2009, NULL, NULL, 6, 'G2', 0, 331, NULL),
(332, 16173, 2009, NULL, NULL, 6, 'G2', 21, 332, NULL),
(333, 16174, 2009, NULL, NULL, 6, 'G2', 0, 333, NULL),
(334, 16175, 2009, NULL, NULL, 6, 'G2', 0, 334, NULL),
(335, 16176, 2009, NULL, NULL, 6, 'G2', 0, 335, NULL),
(336, 16177, 2009, NULL, NULL, 6, 'G2', 0, 336, NULL),
(337, 16178, 2009, NULL, NULL, 6, 'G2', 0, 337, NULL),
(338, 16179, 2009, NULL, NULL, 6, 'G2', 0, 338, NULL),
(339, 16180, 2009, NULL, NULL, 6, 'G2', 0, 339, NULL),
(340, 16181, 2009, NULL, NULL, 6, 'G2', 0, 340, NULL),
(341, 16182, 2009, NULL, NULL, 6, 'G2', 63, 341, NULL),
(342, 16183, 2009, NULL, NULL, 6, 'G2', 141, 342, NULL),
(343, 16184, 2009, NULL, NULL, 6, 'G2', 122, 343, NULL),
(344, 16185, 2010, NULL, NULL, 6, 'G2', 0, 344, NULL),
(345, 16186, 2010, NULL, NULL, 6, 'G2', 0, 345, NULL),
(346, 16187, 2010, NULL, NULL, 6, 'G2', 0, 346, NULL),
(347, 16188, 2010, NULL, NULL, 6, 'G2', 0, 347, NULL),
(348, 16189, 2010, NULL, NULL, 6, 'G2', 0, 348, NULL),
(349, 16190, 2010, NULL, NULL, 6, 'G2', 0, 349, NULL),
(350, 16191, 2010, NULL, NULL, 6, 'G2', 0, 350, NULL),
(351, 16192, 2010, NULL, NULL, 6, 'G2', 0, 351, NULL),
(352, 16193, 2010, NULL, NULL, 5, 'G1', 0, 352, NULL),
(353, 16194, 2010, NULL, NULL, 6, 'G2', 5, 353, NULL),
(354, 16195, 2010, NULL, NULL, 6, 'G2', 99, 354, NULL),
(355, 16196, 2010, NULL, NULL, 6, 'G2', 0, 355, NULL),
(356, 16197, 2010, NULL, NULL, 6, 'G2', 0, 356, NULL),
(357, 16198, 2010, NULL, NULL, 6, 'G2', 0, 357, NULL),
(358, 16199, 2010, NULL, NULL, 6, 'G2', 0, 358, NULL),
(359, 16200, 2010, NULL, NULL, 6, 'G2', 0, 359, NULL),
(360, 16201, 2010, NULL, NULL, 6, 'G2', 0, 360, NULL),
(361, 16202, 2010, NULL, NULL, 6, 'G2', 158, 361, NULL),
(362, 16203, 2010, NULL, NULL, 6, 'G2', 0, 362, NULL),
(363, 16204, 2010, NULL, NULL, 6, 'G2', 0, 363, NULL),
(364, 16205, 2010, NULL, NULL, 6, 'G2', 0, 364, NULL),
(365, 16206, 2010, NULL, NULL, 6, 'G2', 0, 365, NULL),
(366, 16207, 2010, NULL, NULL, 6, 'G2', 0, 366, NULL),
(367, 16208, 2010, NULL, NULL, 6, 'G2', 14, 367, NULL),
(368, 16209, 2010, NULL, NULL, 6, 'G2', 0, 368, NULL),
(369, 16210, 2010, NULL, NULL, 6, 'G2', 0, 369, NULL),
(370, 16211, 2011, NULL, NULL, 5, 'G1', 0, 370, NULL),
(371, 16212, 2011, NULL, NULL, 5, 'G1', 187, 371, NULL),
(372, 16213, 2011, NULL, NULL, 5, 'G1', 148, 372, NULL),
(373, 16214, 2011, NULL, NULL, 5, 'G1', 0, 373, NULL),
(374, 16215, 2011, NULL, NULL, 5, 'G1', 14, 374, NULL),
(375, 16216, 2011, NULL, NULL, 5, 'G1', 39, 375, NULL),
(376, 16217, 2011, NULL, NULL, 5, 'G1', 168, 376, NULL),
(377, 16218, 2011, NULL, NULL, 5, 'G1', 101, 377, NULL),
(378, 16219, 2011, NULL, NULL, 5, 'G1', 197, 378, NULL),
(379, 16220, 2011, NULL, NULL, 5, 'G1', 52, 379, NULL),
(380, 16221, 2011, NULL, NULL, 5, 'G1', 0, 380, NULL),
(381, 16222, 2011, NULL, NULL, 5, 'G1', 0, 381, NULL),
(382, 16223, 2011, NULL, NULL, 5, 'G1', 110, 382, NULL),
(383, 16224, 2011, NULL, NULL, 5, 'G1', 198, 383, NULL),
(384, 16225, 2011, NULL, NULL, 5, 'G1', 0, 384, NULL),
(385, 16226, 2011, NULL, NULL, 5, 'G1', 0, 385, NULL),
(386, 16227, 2011, NULL, NULL, 5, 'G1', 0, 386, NULL),
(387, 16228, 2011, NULL, NULL, 5, 'G1', 68, 387, NULL),
(388, 16229, 2011, NULL, NULL, 5, 'G1', 0, 388, NULL),
(389, 16230, 2011, NULL, NULL, 5, 'G1', 17, 389, NULL),
(390, 16231, 2011, NULL, NULL, 5, 'G1', 0, 390, NULL),
(391, 16232, 2011, NULL, NULL, 5, 'G1', 7, 391, NULL),
(392, 16233, 2011, NULL, NULL, 5, 'G1', 176, 392, NULL),
(393, 16234, 2011, NULL, NULL, 5, 'G1', 86, 393, NULL),
(394, 16235, 2011, NULL, NULL, 5, 'G1', 17, 394, NULL),
(395, 16236, 2011, NULL, NULL, 5, 'G1', 38, 395, NULL),
(396, 16237, 2011, NULL, NULL, 6, 'G2', 0, 396, NULL),
(397, 16238, 2011, NULL, NULL, 6, 'G2', 0, 397, NULL),
(398, 16239, 2011, NULL, NULL, 6, 'G2', 0, 398, NULL),
(399, 16240, 2011, NULL, NULL, 6, 'G2', 0, 399, NULL),
(400, 16241, 2011, NULL, NULL, 6, 'G2', 205, 400, NULL),
(401, 16242, 2011, NULL, NULL, 6, 'G2', 0, 401, NULL),
(402, 16243, 2011, NULL, NULL, 6, 'G2', 0, 402, NULL),
(403, 16244, 2011, NULL, NULL, 6, 'G2', 0, 403, NULL),
(404, 16245, 2011, NULL, NULL, 6, 'G2', 0, 404, NULL),
(405, 16246, 2011, NULL, NULL, 6, 'G2', 0, 405, NULL),
(406, 16247, 2011, NULL, NULL, 6, 'G2', 0, 406, NULL),
(407, 16248, 2011, NULL, NULL, 6, 'G2', 0, 407, NULL),
(408, 16249, 2011, NULL, NULL, 6, 'G2', 0, 408, NULL),
(409, 16250, 2011, NULL, NULL, 6, 'G2', 0, 409, NULL),
(410, 16251, 2011, NULL, NULL, 6, 'G2', 0, 410, NULL),
(411, 16252, 2011, NULL, NULL, 6, 'G2', 0, 411, NULL),
(412, 16253, 2011, NULL, NULL, 6, 'G2', 0, 412, NULL),
(413, 16254, 2011, NULL, NULL, 6, 'G2', 159, 413, NULL),
(414, 16255, 2012, NULL, NULL, 5, 'G1', 185, 414, NULL),
(415, 16256, 2012, NULL, NULL, 5, 'G1', 0, 415, NULL),
(416, 16257, 2012, NULL, NULL, 5, 'G1', 0, 416, NULL),
(417, 16258, 2012, NULL, NULL, 5, 'G1', 0, 417, NULL),
(418, 16259, 2012, NULL, NULL, 5, 'G1', 8, 418, NULL),
(419, 16260, 2012, NULL, NULL, 5, 'G1', 32, 419, NULL),
(420, 16261, 2012, NULL, NULL, 5, 'G1', 0, 420, NULL),
(421, 16262, 2012, NULL, NULL, 5, 'G1', 39, 421, NULL),
(422, 16263, 2012, NULL, NULL, 5, 'G1', 0, 422, NULL),
(423, 16264, 2012, NULL, NULL, 5, 'G1', 0, 423, NULL),
(424, 16265, 2012, NULL, NULL, 5, 'G1', 0, 424, NULL),
(425, 16266, 2012, NULL, NULL, 5, 'G1', 39, 425, NULL),
(426, 16267, 2012, NULL, NULL, 5, 'G1', 0, 426, NULL),
(427, 16268, 2012, NULL, NULL, 5, 'G1', 126, 427, NULL),
(428, 16269, 2012, NULL, NULL, 5, 'G1', 60, 428, NULL),
(429, 16270, 2012, NULL, NULL, 5, 'G1', 0, 429, NULL),
(430, 16271, 2012, NULL, NULL, 5, 'G1', 30, 430, NULL),
(431, 16272, 2012, NULL, NULL, 5, 'G1', 209, 431, NULL),
(432, 16273, 2012, NULL, NULL, 5, 'G1', 0, 432, NULL),
(433, 16274, 2012, NULL, NULL, 5, 'G1', 0, 433, NULL),
(434, 16275, 2012, NULL, NULL, 5, 'G1', 0, 434, NULL),
(435, 16276, 2012, NULL, NULL, 5, 'G1', 0, 435, NULL),
(436, 16277, 2012, NULL, NULL, 5, 'G1', 205, 436, NULL),
(437, 16278, 2012, NULL, NULL, 5, 'G1', 0, 437, NULL),
(438, 16279, 2012, NULL, NULL, 5, 'G1', 161, 438, NULL),
(439, 16280, 2012, NULL, NULL, 5, 'G1', 0, 439, NULL),
(440, 16281, 2012, NULL, NULL, 5, 'G1', 0, 440, NULL),
(441, 16282, 2012, NULL, NULL, 6, 'G2', 0, 441, NULL),
(442, 16283, 2012, NULL, NULL, 6, 'G2', 0, 442, NULL),
(443, 16284, 2012, NULL, NULL, 6, 'G2', 0, 443, NULL),
(444, 16285, 2012, NULL, NULL, 6, 'G2', 0, 444, NULL),
(445, 16286, 2012, NULL, NULL, 6, 'G2', 0, 445, NULL),
(446, 16287, 2012, NULL, NULL, 6, 'G2', 0, 446, NULL),
(447, 16288, 2012, NULL, NULL, 6, 'G2', 56, 447, NULL),
(448, 16289, 2012, NULL, NULL, 6, 'G2', 0, 448, NULL),
(449, 16290, 2012, NULL, NULL, 6, 'G2', 0, 449, NULL),
(450, 16291, 2012, NULL, NULL, 6, 'G2', 0, 450, NULL),
(451, 16292, 2012, NULL, NULL, 6, 'G2', 0, 451, NULL),
(452, 16293, 2012, NULL, NULL, 6, 'G2', 0, 452, NULL),
(453, 16294, 2012, NULL, NULL, 6, 'G2', 0, 453, NULL),
(454, 16295, 2013, NULL, NULL, 5, 'G1', 0, 454, NULL),
(455, 16296, 2013, NULL, NULL, 5, 'G1', 0, 455, NULL),
(456, 16297, 2013, NULL, NULL, 5, 'G1', 0, 456, NULL),
(457, 16298, 2013, NULL, NULL, 5, 'G1', 0, 457, NULL),
(458, 16299, 2013, NULL, NULL, 5, 'G1', 0, 458, NULL),
(459, 16300, 2013, NULL, NULL, 5, 'G1', 0, 459, NULL),
(460, 16301, 2013, NULL, NULL, 6, 'G2', 0, 460, NULL),
(461, 16302, 2013, NULL, NULL, 6, 'G2', 0, 461, NULL),
(462, 16303, 2013, NULL, NULL, 6, 'G2', 0, 462, NULL),
(463, 16304, 2013, NULL, NULL, 6, 'G2', 199, 463, NULL),
(464, 16305, 2013, NULL, NULL, 6, 'G2', 0, 464, NULL),
(465, 16306, 2013, NULL, NULL, 6, 'G2', 0, 465, NULL),
(466, 16307, 2013, NULL, NULL, 6, 'G2', 0, 466, NULL),
(467, 16308, 2013, NULL, NULL, 6, 'G2', 0, 467, NULL),
(468, 16309, 2013, NULL, NULL, 6, 'G2', 0, 468, NULL),
(469, 16310, 2013, NULL, NULL, 6, 'G2', 75, 469, NULL),
(470, 16311, 2013, NULL, NULL, 6, 'G2', 98, 470, NULL),
(471, 16312, 2013, NULL, NULL, 6, 'G2', 0, 471, NULL),
(472, 16313, 2013, NULL, NULL, 6, 'G2', 0, 472, NULL),
(473, 16314, 2013, NULL, NULL, 6, 'G2', 100, 473, NULL),
(474, 16315, 2014, NULL, NULL, 5, 'G1', 0, 474, NULL),
(475, 16316, 2014, NULL, NULL, 5, 'G1', 64, 475, NULL),
(476, 16317, 2014, NULL, NULL, 5, 'G1', 0, 476, NULL),
(477, 16318, 2014, NULL, NULL, 5, 'G1', 0, 477, NULL),
(478, 16319, 2014, NULL, NULL, 5, 'G1', 204, 478, NULL),
(479, 16320, 2014, NULL, NULL, 5, 'G1', 0, 479, NULL),
(480, 16321, 2014, NULL, NULL, 5, 'G1', 0, 480, NULL),
(481, 16322, 2014, NULL, NULL, 5, 'G1', 42, 481, NULL),
(482, 16323, 2014, NULL, NULL, 5, 'G1', 0, 482, NULL),
(483, 16324, 2014, NULL, NULL, 5, 'G1', 0, 483, NULL),
(484, 16325, 2014, NULL, NULL, 5, 'G1', 95, 484, NULL),
(485, 16326, 2014, NULL, NULL, 5, 'G1', 0, 485, NULL),
(486, 16327, 2014, NULL, NULL, 5, 'G1', 7, 486, NULL),
(487, 16328, 2014, NULL, NULL, 5, 'G1', 183, 487, NULL),
(488, 16329, 2014, NULL, NULL, 5, 'G1', 7, 488, NULL),
(489, 16330, 2014, NULL, NULL, 5, 'G1', 0, 489, NULL),
(490, 16331, 2014, NULL, NULL, 5, 'G1', 0, 490, NULL),
(491, 16332, 2014, NULL, NULL, 5, 'G1', 7, 491, NULL),
(492, 16333, 2014, NULL, NULL, 5, 'G1', 84, 492, NULL),
(493, 16334, 2014, NULL, NULL, 5, 'G1', 50, 493, NULL),
(494, 16335, 2014, NULL, NULL, 5, 'G1', 0, 494, NULL),
(495, 16336, 2014, NULL, NULL, 5, 'G1', 0, 495, NULL),
(496, 16337, 2014, NULL, NULL, 5, 'G1', 188, 496, NULL),
(497, 16338, 2014, NULL, NULL, 5, 'G1', 129, 497, NULL),
(498, 16339, 2014, NULL, NULL, 5, 'G1', 7, 498, NULL),
(499, 16340, 2014, NULL, NULL, 5, 'G1', 0, 499, NULL),
(500, 16341, 2014, NULL, NULL, 6, 'G2', 0, 500, NULL),
(501, 16342, 2014, NULL, NULL, 6, 'G2', 110, 501, NULL),
(502, 16343, 2014, NULL, NULL, 6, 'G2', 0, 502, NULL),
(503, 16344, 2014, NULL, NULL, 6, 'G2', 131, 503, NULL),
(504, 16345, 2014, NULL, NULL, 6, 'G2', 0, 504, NULL),
(505, 16346, 2014, NULL, NULL, 6, 'G2', 109, 505, NULL),
(506, 16347, 2014, NULL, NULL, 6, 'G2', 0, 506, NULL),
(507, 16348, 2014, NULL, NULL, 5, 'G1', 65, 507, NULL),
(508, 16349, 2014, NULL, NULL, 5, 'G1', 6, 508, NULL),
(509, 16350, 2015, NULL, NULL, 5, 'G1', 0, 509, NULL),
(510, 16351, 2015, NULL, NULL, 5, 'G1', 0, 510, NULL),
(511, 16352, 2015, NULL, NULL, 5, 'G1', 0, 511, NULL),
(512, 16353, 2015, NULL, NULL, 5, 'G1', 7, 512, NULL),
(513, 16354, 2015, NULL, NULL, 5, 'G1', 7, 513, NULL),
(514, 16355, 2015, NULL, NULL, 5, 'G1', 112, 514, NULL),
(515, 16356, 2015, NULL, NULL, 5, 'G1', 0, 515, NULL),
(516, 16357, 2015, NULL, NULL, 5, 'G1', 39, 516, NULL),
(517, 16358, 2015, NULL, NULL, 5, 'G1', 201, 517, NULL),
(518, 16359, 2015, NULL, NULL, 5, 'G1', 173, 518, NULL),
(519, 16360, 2015, NULL, NULL, 5, 'G1', 63, 519, NULL),
(520, 16361, 2015, NULL, NULL, 5, 'G1', 0, 520, NULL),
(521, 16362, 2015, NULL, NULL, 5, 'G1', 63, 521, NULL),
(522, 16363, 2015, NULL, NULL, 5, 'G1', 0, 522, NULL),
(523, 16364, 2015, NULL, NULL, 5, 'G1', 107, 523, NULL),
(524, 16365, 2015, NULL, NULL, 5, 'G1', 178, 524, NULL),
(525, 16366, 2015, NULL, NULL, 5, 'G1', 0, 525, NULL),
(526, 16367, 2015, NULL, NULL, 5, 'G1', 0, 526, NULL),
(527, 16368, 2015, NULL, NULL, 5, 'G1', 0, 527, NULL),
(528, 16369, 2015, NULL, NULL, 5, 'G1', 88, 528, NULL),
(529, 16370, 2015, NULL, NULL, 5, 'G1', 0, 529, NULL),
(530, 16371, 2015, NULL, NULL, 5, 'G1', 0, 530, NULL),
(531, 16372, 2015, NULL, NULL, 5, 'G1', 0, 531, NULL),
(532, 16373, 2015, NULL, NULL, 5, 'G1', 0, 532, NULL),
(533, 16374, 2015, NULL, NULL, 5, 'G1', 0, 533, NULL),
(534, 16375, 2015, NULL, NULL, 5, 'G1', 0, 534, NULL),
(535, 16376, 2015, NULL, NULL, 5, 'G1', 0, 535, NULL),
(536, 16377, 2015, NULL, NULL, 5, 'G1', 0, 536, NULL),
(537, 16378, 2015, NULL, NULL, 6, 'G2', 5, 537, NULL),
(538, 16379, 2015, NULL, NULL, 6, 'G2', 128, 538, NULL),
(539, 16380, 2015, NULL, NULL, 6, 'G2', 0, 539, NULL),
(540, 16381, 2015, NULL, NULL, 6, 'G2', 0, 540, NULL),
(541, 16382, 2015, NULL, NULL, 6, 'G2', 0, 541, NULL),
(542, 16383, 2015, NULL, NULL, 6, 'G2', 5, 542, NULL),
(543, 16384, 2015, NULL, NULL, 6, 'G2', 0, 543, NULL),
(544, 16385, 2015, NULL, NULL, 6, 'G2', 0, 544, NULL),
(545, 16386, 2015, NULL, NULL, 6, 'G2', 0, 545, NULL),
(546, 16387, 2015, NULL, NULL, 6, 'G2', 0, 546, NULL),
(547, 16388, 2015, NULL, NULL, 6, 'G2', 0, 547, NULL),
(548, 16389, 2015, NULL, NULL, 6, 'G2', 0, 548, NULL),
(549, 16390, 2015, NULL, NULL, 5, 'G1', 0, 549, NULL),
(550, 16391, 2015, NULL, NULL, 6, 'G2', 0, 550, NULL),
(551, 16392, 2016, NULL, NULL, 5, 'G1', 15, 551, NULL),
(552, 16393, 2016, NULL, NULL, 5, 'G1', 192, 552, NULL),
(553, 16394, 2016, NULL, NULL, 5, 'G1', 14, 553, NULL),
(554, 16395, 2016, NULL, NULL, 5, 'G1', 0, 554, NULL),
(555, 16396, 2016, NULL, NULL, 5, 'G1', 169, 555, NULL),
(556, 16397, 2016, NULL, NULL, 5, 'G1', 0, 556, NULL),
(557, 16398, 2016, NULL, NULL, 5, 'G1', 0, 557, NULL),
(558, 16399, 2016, NULL, NULL, 5, 'G1', 0, 558, NULL),
(559, 16400, 2016, NULL, NULL, 5, 'G1', 0, 559, NULL),
(560, 16401, 2016, NULL, NULL, 5, 'G1', 201, 560, NULL),
(561, 16402, 2016, NULL, NULL, 5, 'G1', 0, 561, NULL),
(562, 16403, 2016, NULL, NULL, 5, 'G1', 0, 562, NULL),
(563, 16404, 2016, NULL, NULL, 5, 'G1', 39, 563, NULL),
(564, 16405, 2016, NULL, NULL, 5, 'G1', 61, 564, NULL),
(565, 16406, 2016, NULL, NULL, 5, 'G1', 17, 565, NULL),
(566, 16407, 2016, NULL, NULL, 5, 'G1', 157, 566, NULL),
(567, 16408, 2016, NULL, NULL, 5, 'G1', 0, 567, NULL),
(568, 16409, 2016, NULL, NULL, 5, 'G1', 7, 568, NULL),
(569, 16410, 2016, NULL, NULL, 5, 'G1', 0, 569, NULL),
(570, 16411, 2016, NULL, NULL, 5, 'G1', 104, 570, NULL),
(571, 16412, 2016, NULL, NULL, 5, 'G1', 0, 571, NULL),
(572, 16413, 2016, NULL, NULL, 5, 'G1', 0, 572, NULL),
(573, 16414, 2016, NULL, NULL, 5, 'G1', 0, 573, NULL),
(574, 16415, 2016, NULL, NULL, 6, 'G2', 15, 574, NULL),
(575, 16416, 2016, NULL, NULL, 6, 'G2', 0, 575, NULL),
(576, 16417, 2016, NULL, NULL, 6, 'G2', 63, 576, NULL),
(577, 16418, 2016, NULL, NULL, 6, 'G2', 0, 577, NULL),
(578, 16419, 2016, NULL, NULL, 6, 'G2', 0, 578, NULL),
(579, 16420, 2016, NULL, NULL, 6, 'G2', 0, 579, NULL),
(580, 16421, 2016, NULL, NULL, 6, 'G2', 200, 580, NULL),
(581, 16422, 2016, NULL, NULL, 6, 'G2', 15, 581, NULL),
(582, 16423, 2016, NULL, NULL, 6, 'G2', 0, 582, NULL),
(583, 16424, 2017, NULL, NULL, 6, 'G2', 0, 583, NULL),
(584, 16425, 2017, NULL, NULL, 6, 'G2', 0, 584, NULL),
(585, 16426, 2017, NULL, NULL, 6, 'G2', 0, 585, NULL),
(586, 16427, 2017, NULL, NULL, 6, 'G2', 0, 586, NULL),
(587, 16428, 2017, NULL, NULL, 6, 'G2', 0, 587, NULL),
(588, 16429, 2017, NULL, NULL, 6, 'G2', 0, 588, NULL),
(589, 16430, 2017, NULL, NULL, 6, 'G2', 0, 589, NULL),
(590, 16431, 2017, NULL, NULL, 6, 'G2', 0, 590, NULL),
(591, 16432, 2017, NULL, NULL, 6, 'G2', 0, 591, NULL),
(592, 16433, 2017, NULL, NULL, 6, 'G2', 0, 592, NULL),
(593, 16434, 2017, NULL, NULL, 6, 'G2', 0, 593, NULL),
(594, 16435, 2017, NULL, NULL, 6, 'G2', 0, 594, NULL),
(595, 16436, 2017, NULL, NULL, 6, 'G2', 0, 595, NULL),
(596, 16437, 2017, NULL, NULL, 6, 'G2', 0, 596, NULL),
(597, 16438, 2017, NULL, NULL, 6, 'G2', 0, 597, NULL),
(598, 16439, 2017, NULL, NULL, 6, 'G2', 0, 598, NULL),
(599, 16440, 2017, NULL, NULL, 6, 'G2', 0, 599, NULL),
(600, 16441, 2017, NULL, NULL, 6, 'G2', 0, 600, NULL),
(601, 16442, 2017, NULL, NULL, 6, 'G2', 0, 601, NULL),
(602, 16443, 2017, NULL, NULL, 5, 'G1', 0, 602, NULL),
(603, 16444, 2017, NULL, NULL, 5, 'G1', 0, 603, NULL),
(604, 16445, 2017, NULL, NULL, 5, 'G1', 0, 604, NULL),
(605, 16446, 2017, NULL, NULL, 5, 'G1', 0, 605, NULL),
(606, 16447, 2017, NULL, NULL, 5, 'G1', 0, 606, NULL),
(607, 16448, 2017, NULL, NULL, 5, 'G1', 0, 607, NULL),
(608, 16449, 2017, NULL, NULL, 5, 'G1', 0, 608, NULL),
(609, 16450, 2017, NULL, NULL, 5, 'G1', 0, 609, NULL),
(610, 16451, 2017, NULL, NULL, 5, 'G1', 0, 610, NULL),
(611, 16452, 2017, NULL, NULL, 5, 'G1', 0, 611, NULL),
(612, 16453, 2017, NULL, NULL, 5, 'G1', 0, 612, NULL),
(613, 16454, 2017, NULL, NULL, 5, 'G1', 0, 613, NULL),
(614, 16455, 2017, NULL, NULL, 5, 'G1', 0, 614, NULL),
(615, 16456, 2017, NULL, NULL, 5, 'G1', 0, 615, NULL),
(616, 16457, 2017, NULL, NULL, 5, 'G1', 0, 616, NULL),
(617, 16458, 2017, NULL, NULL, 5, 'G1', 0, 617, NULL),
(618, 16459, 2017, NULL, NULL, 5, 'G1', 0, 618, NULL),
(619, 16460, 2017, NULL, NULL, 5, 'G1', 0, 619, NULL),
(620, 16461, 2017, NULL, NULL, 5, 'G1', 0, 620, NULL),
(621, 16462, 2017, NULL, NULL, 5, 'G1', 0, 621, NULL),
(622, 16463, 2017, NULL, NULL, 5, 'G1', 0, 622, NULL),
(623, 16464, 2017, NULL, NULL, 5, 'G1', 0, 623, NULL),
(624, 16465, 2017, NULL, NULL, 5, 'G1', 0, 624, NULL),
(625, 16466, 2017, NULL, NULL, 5, 'G1', 0, 625, NULL),
(626, 16467, 2017, NULL, NULL, 5, 'G1', 0, 626, NULL),
(627, 16468, 2017, NULL, NULL, 5, 'G1', 0, 627, NULL),
(628, 16469, 2017, NULL, NULL, 5, 'G1', 0, 628, NULL),
(629, 16470, 1997, NULL, NULL, 5, 'G1', 7, 629, NULL),
(630, 16471, 1999, NULL, NULL, 5, 'G1', 5, 630, NULL),
(631, 16472, 2001, NULL, NULL, 5, 'G1', 20, 631, NULL),
(632, 16473, 2001, NULL, NULL, 5, 'G1', 19, 632, NULL),
(633, 16474, 2001, NULL, NULL, 5, 'G1', 2, 633, NULL),
(634, 16475, 2003, NULL, NULL, 5, 'G1', 22, 634, NULL),
(635, 16476, 2005, NULL, NULL, 5, 'G1', 48, 635, NULL),
(636, 16477, 2004, NULL, NULL, 5, 'G1', 172, 636, NULL),
(637, 16478, 2004, NULL, NULL, 5, 'G1', 150, 637, NULL),
(638, 16479, 2005, NULL, NULL, 6, 'G2', 15, 638, NULL),
(639, 16480, 2008, NULL, NULL, 5, 'G1', 154, 639, NULL),
(640, 16481, 2008, NULL, NULL, 5, 'G1', 103, 640, NULL),
(641, 16482, 2008, NULL, NULL, 5, 'G1', 182, 641, NULL),
(642, 16483, 2008, NULL, NULL, 5, 'G1', 187, 642, NULL),
(643, 16484, 2008, NULL, NULL, 5, 'G1', 63, 643, NULL),
(644, 16485, 2008, NULL, NULL, 5, 'G1', 138, 644, NULL),
(645, 16486, 2008, NULL, NULL, 5, 'G1', 63, 645, NULL),
(646, 16487, 2008, NULL, NULL, 5, 'G1', 39, 646, NULL),
(647, 16488, 2005, NULL, NULL, 5, 'G1', 0, 647, NULL),
(648, 16489, 2005, NULL, NULL, 6, 'G2', 0, 648, NULL),
(649, 16490, 2005, NULL, NULL, 5, 'G1', 0, 649, NULL),
(650, 16491, 2007, NULL, NULL, 6, 'G2', 0, 650, NULL),
(651, 16492, 2007, NULL, NULL, 6, 'G2', 0, 651, NULL),
(652, 16493, 2007, NULL, NULL, 6, 'G2', 0, 652, NULL),
(653, 16494, 2007, NULL, NULL, 6, 'G2', 0, 653, NULL),
(654, 16495, 2007, NULL, NULL, 6, 'G2', 0, 654, NULL),
(655, 16496, 2007, NULL, NULL, 6, 'G2', 0, 655, NULL),
(656, 16497, 2007, NULL, NULL, 6, 'G2', 0, 656, NULL),
(657, 16498, 2007, NULL, NULL, 6, 'G2', 0, 657, NULL),
(658, 16499, 2007, NULL, NULL, 6, 'G2', 0, 658, NULL),
(659, 16500, 2007, NULL, NULL, 6, 'G2', 0, 659, NULL),
(660, 16501, 2008, NULL, NULL, 5, 'G1', 26, 660, NULL),
(661, 16502, 2008, NULL, NULL, 5, 'G1', 0, 661, NULL),
(662, 16503, 2010, NULL, NULL, 5, 'G1', 0, 662, NULL),
(663, 16504, 2010, NULL, NULL, 5, 'G1', 0, 663, NULL),
(664, 16505, 2010, NULL, NULL, 5, 'G1', 0, 664, NULL),
(665, 16506, 2010, NULL, NULL, 5, 'G1', 0, 665, NULL),
(666, 16507, 2010, NULL, NULL, 5, 'G1', 0, 666, NULL),
(667, 16508, 2010, NULL, NULL, 5, 'G1', 0, 667, NULL),
(668, 16509, 2010, NULL, NULL, 5, 'G1', 0, 668, NULL),
(669, 16510, 2010, NULL, NULL, 5, 'G1', 0, 669, NULL),
(670, 16511, 2010, NULL, NULL, 5, 'G1', 0, 670, NULL),
(671, 16512, 2010, NULL, NULL, 5, 'G1', 0, 671, NULL),
(672, 16513, 2010, NULL, NULL, 5, 'G1', 0, 672, NULL),
(673, 16514, 2010, NULL, NULL, 5, 'G1', 0, 673, NULL),
(674, 16515, 2010, NULL, NULL, 5, 'G1', 0, 674, NULL),
(675, 16516, 2010, NULL, NULL, 5, 'G1', 0, 675, NULL),
(676, 16517, 2010, NULL, NULL, 5, 'G1', 0, 676, NULL),
(677, 16518, 2010, NULL, NULL, 5, 'G1', 0, 677, NULL),
(678, 16519, 2010, NULL, NULL, 5, 'G1', 0, 678, NULL),
(679, 16520, 2013, NULL, NULL, 5, 'G1', 0, 679, NULL),
(680, 16521, 2013, NULL, NULL, 5, 'G1', 0, 680, NULL),
(681, 16522, 2013, NULL, NULL, 5, 'G1', 0, 681, NULL),
(682, 16523, 2013, NULL, NULL, 5, 'G1', 0, 682, NULL),
(683, 16524, 2013, NULL, NULL, 5, 'G1', 0, 683, NULL),
(684, 16525, 2013, NULL, NULL, 5, 'G1', 0, 684, NULL),
(685, 16526, 2013, NULL, NULL, 5, 'G1', 0, 685, NULL),
(686, 16527, 2013, NULL, NULL, 5, 'G1', 0, 686, NULL),
(687, 16528, 2013, NULL, NULL, 5, 'G1', 0, 687, NULL),
(688, 16529, 2013, NULL, NULL, 5, 'G1', 0, 688, NULL),
(689, 16530, 2013, NULL, NULL, 5, 'G1', 0, 689, NULL),
(690, 16531, 2013, NULL, NULL, 5, 'G1', 0, 690, NULL),
(691, 16532, 2013, NULL, NULL, 5, 'G1', 0, 691, NULL),
(692, 16533, 2013, NULL, NULL, 5, 'G1', 0, 692, NULL),
(693, 16534, 2013, NULL, NULL, 5, 'G1', 0, 693, NULL),
(694, 16535, 2013, NULL, NULL, 5, 'G1', 0, 694, NULL),
(695, 16536, 2013, NULL, NULL, 5, 'G1', 0, 695, NULL),
(696, 16537, 2013, NULL, NULL, 5, 'G1', 0, 696, NULL),
(697, 16538, 2013, NULL, NULL, 5, 'G1', 0, 697, NULL),
(698, 16539, 2013, NULL, NULL, 5, 'G1', 0, 698, NULL),
(699, 16540, 2015, NULL, NULL, 6, 'G2', 0, 699, NULL),
(700, 16541, 2013, NULL, NULL, 5, 'G1', 0, 700, NULL),
(701, 16542, 2013, NULL, NULL, 5, 'G1', 0, 701, NULL),
(702, 16543, 2016, NULL, NULL, 5, 'G1', 155, 702, NULL),
(703, 16544, 2016, NULL, NULL, 5, 'G1', 201, 703, NULL),
(704, 16545, 2016, NULL, NULL, 5, 'G1', 0, 704, NULL),
(705, 16546, 2016, NULL, NULL, 5, 'G1', 0, 705, NULL),
(706, 16547, 2016, NULL, NULL, 5, 'G1', 0, 706, NULL),
(707, 16548, 2016, NULL, NULL, 5, 'G1', 201, 707, NULL),
(708, 16549, 2016, NULL, NULL, 5, 'G1', 114, 708, NULL),
(709, 16550, 2016, NULL, NULL, 5, 'G1', 0, 709, NULL),
(710, 16551, 2004, NULL, NULL, 5, 'G1', 0, 710, NULL),
(711, 16552, 2004, NULL, NULL, 5, 'G1', 0, 711, NULL);

-- --------------------------------------------------------

--
-- Structure de la table `formation`
--

CREATE TABLE `formation` (
  `idFormation` int(11) NOT NULL,
  `LibelleFormation` varchar(150) COLLATE utf8_bin DEFAULT NULL,
  `ObjectifForm` text COLLATE utf8_bin,
  `DeboucheForm` text COLLATE utf8_bin,
  `NiveauFormation` varchar(10) COLLATE utf8_bin DEFAULT NULL,
  `ConditionAccesFormation` varchar(10) COLLATE utf8_bin DEFAULT NULL,
  `libelleFormation_en` varchar(255) COLLATE utf8_bin NOT NULL,
  `libelleFormation_fr` varchar(255) COLLATE utf8_bin NOT NULL,
  `diminutifFormation_fr` varchar(150) COLLATE utf8_bin NOT NULL,
  `diminutifFormation_en` varchar(150) COLLATE utf8_bin NOT NULL,
  `dureeForm` int(5) NOT NULL,
  `domaineFormation` varchar(200) COLLATE utf8_bin NOT NULL,
  `langueFormation` varchar(50) COLLATE utf8_bin NOT NULL,
  `etabDiplome` varchar(100) COLLATE utf8_bin NOT NULL,
  `etabFormation` varchar(100) COLLATE utf8_bin DEFAULT NULL
) ENGINE=InnoDB DEFAULT CHARSET=utf8 COLLATE=utf8_bin;

--
-- Déchargement des données de la table `formation`
--

INSERT INTO `formation` (`idFormation`, `LibelleFormation`, `ObjectifForm`, `DeboucheForm`, `NiveauFormation`, `ConditionAccesFormation`, `libelleFormation_en`, `libelleFormation_fr`, `diminutifFormation_fr`, `diminutifFormation_en`, `dureeForm`, `domaineFormation`, `langueFormation`, `etabDiplome`, `etabFormation`) VALUES
(1, 'L1 IDEA', '', '', 'Licence 1', 'Bac', '', 'Licence 1 Informatique Décisionnelle et Économétrie Appliquée', 'L1 IDEA', '', 1, '', 'Fr', '', ''),
(2, 'L2 IDEA', '', '', 'Licence 2', 'Bac+1', '', 'Licence 2 Informatique Décisionnelle et Économétrie Appliquée', 'L2 IDEA', '', 1, '', 'Fr', '', ''),
(3, 'L3 IDEA', '', '', 'Licence 3', 'Bac+2', '', 'Licence 3 Informatique Decisionnelle et Statistique', 'L3 IDEA', '', 1, '', 'Fr', '', ''),
(4, 'M1 INFO', '', '', 'Master 1', 'Bac+3', '', 'Master 1 Informatique', 'M1 INFO', '', 1, '', 'Fr', '', ''),
(5, 'M2 IIDEE', '', '', 'Master 2', 'Bac+4', '', 'Master 2 Ingenierie Informatique de la Decision et de l evaluation Economique', 'M2 IIDEE', '', 1, '', 'Fr', '', ''),
(6, 'M2 IIDEE', '', '', 'Master 2', 'Bac+4', '', 'Master 2 Ingenierie Informatique de la Decision et de l evaluation economique', 'M2 FC IIDEE', '', 1, '', 'Fr', '', ''),
(7, 'M1 DMKM', '', '', 'Master 1', 'Bac+3', 'Master Data Mining and Knowledge Management', 'Master Data Mining and Knowledge Management', 'Master DMKM', '', 1, '', 'Fr', '', ''),
(8, 'M2  ECD', '', '', 'Master 2', 'Bac+4', '', 'Master 2 Extraction des Connaissances a partir des Donnees', 'M2 ECD', '', 1, '', 'Fr', '', ''),
(9, 'M2 OPSIE', '', '', 'Master 2', 'Bac+4', '', 'Master 2 Organisation et Protection des Syst', 'M2 OPSIE', '', 1, '', 'Fr', '', ''),
(10, 'M2 OPSIE', '', '', 'Master 2', 'Bac+4', '', 'Master 2 Organisation et Protection des Syst', 'M2 FC OPSIE', '', 1, '', 'Fr', '', ''),
(11, 'M2 SISE', '', '', 'Master 2', 'Bac+4', '', 'Master 2 Statistique et Informatique Socio economiques', 'M2 SISE', '', 1, '', 'Fr', '', '');

-- --------------------------------------------------------

--
-- Structure de la table `inscrire`
--

CREATE TABLE `inscrire` (
  `NumEtudiant` int(11) NOT NULL,
  `idFormation` int(11) NOT NULL,
  `anneeInscrire` varchar(20) NOT NULL DEFAULT '',
  `valideFormation` tinyint(1) DEFAULT NULL
) ENGINE=InnoDB DEFAULT CHARSET=utf8;

--
-- Déchargement des données de la table `inscrire`
--

INSERT INTO `inscrire` (`NumEtudiant`, `idFormation`, `anneeInscrire`, `valideFormation`) VALUES
(97, 5, '2011', 1),
(98, 5, '2011', 1),
(99, 5, '2011', 1),
(100, 5, '2011', 0),
(101, 5, '2011', 0),
(102, 5, '2011', 0),
(103, 5, '2011', 0),
(104, 5, '2011', 0),
(105, 5, '2011', 0),
(106, 5, '2011', 0),
(107, 5, '2011', 0),
(108, 5, '2011', 0),
(109, 5, '2011', 0),
(110, 5, '2011', 0),
(111, 5, '2011', 0),
(112, 5, '2011', 0),
(113, 5, '2011', 0),
(114, 5, '2011', 0),
(115, 5, '2011', 0),
(116, 5, '2011', 0),
(117, 5, '2011', 0),
(118, 5, '2011', 0),
(119, 5, '2011', 0),
(120, 5, '2011', 0),
(121, 5, '2011', 0),
(122, 5, '2011', 0),
(123, 5, '2011', 0),
(124, 5, '2011', 0),
(125, 6, '2011', 0),
(126, 6, '2011', 0),
(127, 6, '2011', 0),
(128, 6, '2011', 0),
(129, 6, '2011', 0),
(130, 6, '2011', 0),
(131, 6, '2011', 0),
(132, 6, '2011', 0),
(133, 6, '2011', 0),
(134, 6, '2011', 0),
(135, 6, '2011', 0),
(136, 6, '2011', 0),
(137, 6, '2011', 0),
(138, 6, '2011', 0),
(139, 3, '2011', 0),
(140, 3, '2011', 0),
(141, 3, '2011', 1),
(142, 3, '2011', 0),
(143, 3, '2011', 0),
(144, 3, '2011', 0),
(145, 3, '2011', 0),
(146, 3, '2011', 0),
(147, 3, '2011', 0),
(148, 3, '2011', 0),
(149, 3, '2011', 0),
(150, 3, '2011', 0),
(151, 3, '2011', 0),
(152, 3, '2011', 0),
(153, 3, '2011', 0),
(154, 3, '2011', 0),
(155, 3, '2011', 0),
(156, 3, '2011', 0),
(157, 3, '2011', 0),
(158, 3, '2011', 0),
(159, 3, '2011', 0),
(160, 3, '2011', 0),
(161, 3, '2011', 0),
(162, 3, '2011', 0),
(163, 3, '2011', 0),
(164, 3, '2011', 0),
(165, 4, '2011', 0),
(166, 4, '2011', 0),
(167, 4, '2011', 0),
(168, 4, '2011', 0),
(169, 4, '2011', 0),
(170, 4, '2011', 0),
(171, 4, '2011', 0),
(172, 4, '2011', 0),
(173, 4, '2011', 0),
(174, 4, '2011', 0),
(175, 4, '2011', 0),
(176, 4, '2011', 0),
(177, 4, '2011', 0),
(178, 4, '2011', 0),
(179, 4, '2011', 0),
(180, 4, '2011', 0),
(181, 4, '2011', 0),
(182, 4, '2011', 0),
(183, 4, '2011', 0),
(184, 4, '2011', 0),
(185, 4, '2011', 0),
(186, 4, '2011', 0),
(187, 4, '2011', 0),
(188, 4, '2011', 0),
(189, 4, '2011', 0),
(190, 4, '2011', 0),
(191, 4, '2011', 0),
(192, 4, '2011', 0),
(193, 4, '2011', 0),
(194, 4, '2011', 0),
(195, 4, '2011', 0),
(196, 4, '2011', 0),
(197, 4, '2011', 0),
(198, 4, '2011', 0),
(199, 4, '2011', 0),
(200, 4, '2011', 0),
(201, 4, '2011', 0),
(202, 4, '2011', 0),
(203, 4, '2011', 0),
(204, 4, '2011', 0),
(205, 4, '2011', 0),
(206, 4, '2011', 0),
(207, 4, '2011', 0),
(208, 4, '2011', 0),
(209, 4, '2011', 0),
(210, 4, '2011', 0),
(211, 4, '2011', 0),
(212, 4, '2011', 0),
(213, 4, '2011', 0),
(214, 4, '2011', 0),
(215, 4, '2011', 0),
(216, 4, '2011', 0),
(217, 4, '2011', 0),
(218, 4, '2011', 0),
(219, 4, '2011', 0),
(220, 4, '2011', 0),
(221, 4, '2011', 0),
(222, 4, '2011', 0),
(223, 4, '2011', 0),
(224, 4, '2011', 0),
(225, 4, '2011', 0),
(226, 4, '2011', 0),
(227, 4, '2011', 0),
(228, 4, '2011', 0),
(229, 4, '2011', 0),
(230, 4, '2011', 0),
(231, 4, '2011', 0),
(232, 4, '2011', 0),
(233, 4, '2011', 0),
(234, 4, '2011', 0),
(235, 4, '2011', 0),
(236, 4, '2011', 0),
(237, 4, '2011', 0),
(238, 4, '2011', 0),
(239, 4, '2011', 0),
(240, 4, '2011', 0),
(241, 4, '2011', 0),
(242, 4, '2011', 0),
(243, 11, '2011', 0),
(244, 11, '2011', 0),
(245, 11, '2011', 0),
(246, 11, '2011', 0),
(247, 11, '2011', 0),
(248, 11, '2011', 0),
(249, 11, '2011', 0),
(250, 11, '2011', 0),
(251, 11, '2011', 0),
(252, 11, '2011', 0),
(253, 11, '2011', 0),
(254, 11, '2011', 0),
(255, 11, '2011', 0),
(256, 11, '2011', 0),
(257, 11, '2011', 0),
(258, 11, '2011', 0),
(259, 11, '2011', 0),
(260, 11, '2011', 0),
(261, 11, '2011', 0),
(262, 11, '2011', 0),
(263, 11, '2011', 0),
(264, 9, '2011', 0),
(265, 9, '2011', 0),
(266, 9, '2011', 0),
(267, 9, '2011', 0),
(268, 9, '2011', 0),
(269, 9, '2011', 0),
(270, 9, '2011', 0),
(271, 9, '2011', 0),
(272, 9, '2011', 0),
(273, 9, '2011', 0),
(274, 9, '2011', 0),
(275, 9, '2011', 0),
(276, 9, '2011', 0),
(277, 9, '2011', 0),
(278, 9, '2011', 0),
(279, 9, '2011', 0),
(280, 9, '2011', 0),
(281, 9, '2011', 0),
(282, 9, '2011', 0),
(283, 9, '2011', 0),
(284, 9, '2011', 0),
(285, 9, '2011', 0),
(286, 9, '2011', 0),
(287, 9, '2011', 0),
(288, 10, '2011', 0),
(289, 10, '2011', 0),
(290, 10, '2011', 0),
(291, 10, '2011', 0),
(292, 10, '2011', 0),
(293, 10, '2011', 0),
(294, 10, '2011', 0),
(295, 10, '2011', 0),
(296, 10, '2011', 0),
(297, 10, '2011', 0),
(298, 10, '2011', 0),
(299, 10, '2011', 0),
(300, 10, '2011', 0),
(301, 10, '2011', 0),
(302, 10, '2011', 0),
(303, 10, '2011', 0),
(304, 10, '2011', 0),
(305, 10, '2011', 0),
(306, 10, '2011', 0),
(307, 10, '2011', 0),
(308, 10, '2011', 0),
(309, 10, '2011', 0),
(310, 10, '2011', 0),
(311, 10, '2011', 0),
(312, 10, '2011', 0),
(313, 8, '2011', 0),
(314, 8, '2011', 0),
(315, 8, '2011', 0),
(316, 8, '2011', 0),
(317, 8, '2011', 0),
(318, 8, '2011', 0),
(319, 8, '2011', 0),
(320, 8, '2011', 0),
(321, 8, '2011', 0),
(322, 8, '2011', 0),
(323, 8, '2011', 0),
(324, 7, '2011', 0),
(325, 7, '2011', 0),
(326, 7, '2011', 0),
(327, 7, '2011', 0),
(328, 7, '2011', 0),
(329, 7, '2011', 0),
(330, 7, '2011', 0),
(331, 7, '2011', 0),
(332, 7, '2011', 0),
(333, 7, '2011', 0),
(334, 7, '2011', 0),
(335, 7, '2011', 0),
(336, 7, '2011', 0),
(337, 7, '2011', 0),
(338, 7, '2011', 0),
(339, 7, '2011', 0),
(340, 7, '2011', 0),
(341, 7, '2011', 0),
(346, 9, '2010', 0);

-- --------------------------------------------------------

--
-- Structure de la table `keyword`
--

CREATE TABLE `keyword` (
  `idKeyword` int(11) NOT NULL,
  `libelleKeywords` varchar(30) DEFAULT NULL
) ENGINE=InnoDB DEFAULT CHARSET=utf8;

-- --------------------------------------------------------

--
-- Structure de la table `missions`
--

CREATE TABLE `missions` (
  `id_mission` int(5) NOT NULL,
  `id_enseignant` int(11) NOT NULL,
  `date_debut` text COLLATE latin1_general_ci NOT NULL,
  `date_fin` text COLLATE latin1_general_ci NOT NULL,
  `objet_mission` varchar(30) COLLATE latin1_general_ci NOT NULL,
  `mission` text COLLATE latin1_general_ci NOT NULL
) ENGINE=MyISAM DEFAULT CHARSET=latin1 COLLATE=latin1_general_ci;

--
-- Déchargement des données de la table `missions`
--

INSERT INTO `missions` (`id_mission`, `id_enseignant`, `date_debut`, `date_fin`, `objet_mission`, `mission`) VALUES
(883, 40, '11/21/2012', '11/27/2012', 'Projet', 'Gestion des encadrements');

-- --------------------------------------------------------

--
-- Structure de la table `missions2etudiants`
--

CREATE TABLE `missions2etudiants` (
  `id_mission` int(5) NOT NULL,
  `id_etu` int(5) NOT NULL
) ENGINE=MyISAM DEFAULT CHARSET=latin1;

--
-- Déchargement des données de la table `missions2etudiants`
--

INSERT INTO `missions2etudiants` (`id_mission`, `id_etu`) VALUES
(883, 111);

-- --------------------------------------------------------

--
-- Structure de la table `module`
--

CREATE TABLE `module` (
  `idModule` int(11) NOT NULL,
  `nomModule` varchar(100) DEFAULT NULL,
  `route` varchar(100) DEFAULT NULL,
  `etat` varchar(20) DEFAULT NULL,
  `ordre` int(11) DEFAULT NULL,
  `hasCSS` tinyint(1) DEFAULT NULL,
  `hasJS` tinyint(1) DEFAULT NULL,
  `needJquery` tinyint(1) DEFAULT NULL,
  `hasMenu` tinyint(1) DEFAULT NULL
) ENGINE=InnoDB DEFAULT CHARSET=utf8;

--
-- Déchargement des données de la table `module`
--

INSERT INTO `module` (`idModule`, `nomModule`, `route`, `etat`, `ordre`, `hasCSS`, `hasJS`, `needJquery`, `hasMenu`) VALUES
(1, 'Administration', 'administration', '1', 5, 1, 1, 1, 1),
(2, 'Evaluation de stage', 'EvaluationStage', '1', 2, 1, 0, 0, 0),
(6, 'Paramètres', 'options', '1', 6, 0, 0, 0, 0),
(8, 'Supplements au diplome', 'Supplement_Diplome', '1', 3, 1, 0, 0, 0),
(11, 'Gestion des propositions de stage', 'stage_fiches', '1', 1, 1, 1, 1, 1),
(12, 'Stockage et consultation des travaux', 'StockageTravaux', '1', 4, 1, 1, 1, 1),
(13, 'Gestion des syllabus', 'syllabus', '1', 0, 1, 0, 0, 1);

-- --------------------------------------------------------

--
-- Structure de la table `page`
--

CREATE TABLE `page` (
  `idPage` int(11) NOT NULL,
  `page` varchar(100) DEFAULT NULL,
  `ordrePage` varchar(10) DEFAULT NULL,
  `routePage` varchar(100) DEFAULT NULL,
  `idModule` int(11) NOT NULL,
  `subMenu` int(11) NOT NULL
) ENGINE=InnoDB DEFAULT CHARSET=utf8;

--
-- Déchargement des données de la table `page`
--

INSERT INTO `page` (`idPage`, `page`, `ordrePage`, `routePage`, `idModule`, `subMenu`) VALUES
(1, 'Arrangement des applications', '2', 'integration/order.php', 1, 5),
(2, 'Ajout d\'une application', '0', 'integration/addapp.php', 1, 5),
(3, 'Modification d\'une application', '1', 'integration/modapps.php', 1, 5),
(4, 'Administration', '0', 'index.php', 1, 0),
(5, 'Intégration', '1', 'integration', 1, 0),
(6, 'Ajouter un rôle', '1', 'addRole/addRole.php', 1, 4),
(7, 'Ajouter un utilisateur', '0', 'addUser/addTypeUser.php', 1, 4),
(8, 'Administration des rôles', '5', 'adminRole/listRole.php', 1, 4),
(9, 'Administration des utilisateurs', '4', 'adminUser/listUser.php', 1, 4),
(10, 'Administration des accès aux modules', '6', 'adminAcces/listAcces.php', 1, 4),
(11, 'Ajouter un accès aux modules', '2', 'addAcces/addAcces.php', 1, 4),
(12, 'Administration des accès aux pages', '7', 'adminAccesPage/chooseModule.php', 1, 4),
(13, 'Ajouter un accès aux pages', '3', 'addAccesPage/addAccesPage.php', 1, 4),
(25, 'Changer mon mot de 
e', '0', 'changeMyPass.php', 6, 0),
(31, ' Edition Supplément au Diplome ', '0', 'edition_supp_diplome.php', 8, 0),
(32, ' Affichage des enseignants ', '1', 'affichage.php?enseignant=1', 8, 0),
(33, ' Affichage des différentes formations ', '2', 'affichage.php?formation=1', 8, 0),
(39, 'Administration des inscriptions', NULL, './adminFormation/listStudent.php', 1, 4),
(40, 'Liste des étudiants par formation', NULL, './adminFormation/listFormation.php', 1, 4),
(41, 'Liste des étudiants par UE', NULL, './adminFormation/chooseFormation.php', 1, 4),
(45, 'Votre fiche', '0', 'fiche-etudiant.php', 11, 0),
(46, 'Créer les fiches pour vos étudiants', '1', 'activer-fiches.php', 11, 0),
(47, 'Rechercher une fiche', '2', 'liste-fiches.php', 11, 0),
(48, 'Recherche de documents', '0', 'Page_recherche.php', 12, 0),
(49, 'Archivage des travaux', '1', 'archivage.php', 12, 0),
(50, 'Nos diplômes', '0', './public_diplome.php', 13, 0),
(51, 'Gestion des diplômes', '1', './gestion-diplome.php', 13, 0),
(52, 'Gestion des syllabus', '2', './gestion-syllabus.php', 13, 0),
(53, 'Mes enseignements', '3', './mes-enseignements.php', 13, 0),
(54, 'Téléchargement des cours', '0', './public_liste_fichier.php', 13, 50);

-- --------------------------------------------------------

--
-- Structure de la table `role`
--

CREATE TABLE `role` (
  `idRole` int(11) NOT NULL,
  `nomRole` varchar(20) DEFAULT NULL,
  `descriptionRole` varchar(100) DEFAULT NULL,
  `etat_role` tinyint(1) DEFAULT NULL
) ENGINE=InnoDB DEFAULT CHARSET=utf8;

--
-- Déchargement des données de la table `role`
--

INSERT INTO `role` (`idRole`, `nomRole`, `descriptionRole`, `etat_role`) VALUES
(1, 'Administrateur', 'Administrateur de l\'intranet', 1),
(2, 'Responsable pedagogi', 'Responsable pedagogique', 1),
(3, 'Tuteur entreprise', 'Tuteur entreprise', 1),
(4, 'Tuteur pedago', 'Tuteur pedagogique', 1),
(5, 'Etudiant', 'Etudiant', 1);

-- --------------------------------------------------------

--
-- Structure de la table `utilisateur`
--

CREATE TABLE `utilisateur` (
  `NumUtilisateur` int(11) NOT NULL,
  `TypeUtilisateur` varchar(1) DEFAULT NULL,
  `NomUtilisateur` varchar(25) DEFAULT NULL,
  `PrenomUtilisateur` varchar(30) DEFAULT NULL,
  `DateNaissanceUtilisateur` date DEFAULT NULL,
  `AdrRueUtilisateur` varchar(200) DEFAULT NULL,
  `AdrCPUtilisateur` int(5) DEFAULT NULL,
  `AdrVilleUtilisateur` varchar(20) DEFAULT NULL,
  `AdrPaysUtilisateur` varchar(15) DEFAULT NULL,
  `telUtilisateur` varchar(20) DEFAULT NULL,
  `EmailUtilisateur` varchar(50) DEFAULT NULL,
  `LoginUtilisateur` varchar(15) DEFAULT NULL,
  `PassUtilisateur` varchar(255) DEFAULT NULL,
  `photoUtilisateur` varchar(300) DEFAULT NULL,
  `sexeUtilisateur` varchar(1) DEFAULT NULL,
  `nationaliteUtilisateur` varchar(50) DEFAULT NULL,
  `idRole` int(11) NOT NULL
) ENGINE=InnoDB DEFAULT CHARSET=utf8;

--
-- Déchargement des données de la table `utilisateur`
--

INSERT INTO `utilisateur` (`NumUtilisateur`, `TypeUtilisateur`, `NomUtilisateur`, `PrenomUtilisateur`, `DateNaissanceUtilisateur`, `AdrRueUtilisateur`, `AdrCPUtilisateur`, `AdrVilleUtilisateur`, `AdrPaysUtilisateur`, `telUtilisateur`, `EmailUtilisateur`, `LoginUtilisateur`, `PassUtilisateur`, `photoUtilisateur`, `sexeUtilisateur`, `nationaliteUtilisateur`, `idRole`) VALUES
(1, 'O', 'Admin', 'Super', '1990-01-01', '5, avenue Pierre Mendes France', 69500, 'Bron', 'FRANCE', '0649175951', 'conte.fr@gmail.com', 'admin', 'MLAT74', NULL, 'M', 'Française', 5),
(12770, 'O', 'AIT HAMADA', 'Taoufik', '1975-04-15', 'rue emile zola', 38090, 'Villefontaine', 'FRANCE', '', 'starboar@gmail.com', 'TAO', 'TAO75', '6ddb29ff327aa0bd8008d972d95ef87a.jpg', 'M', 'Française', 2),
(12771, 'O', 'LATRECHE', 'Mohammed', '1974-04-15', 'cours emile zola', 69100, 'Villeurbanne', 'FRANCE', '06000000000', 'mla@mail.com', 'MLA', 'MLAT74', NULL, 'M', 'Française', 1),
(15842, 'T', 'AOULAD HADJ', 'Mohammed', '1978-06-02', '1 rue emile zola', 69, 'Lyon', 'France', '', '', '', '', '', 'm', '', 5),
(15843, 'T', 'BARBIER Donique', 'Raymonde', NULL, '', NULL, '', '', '', '', '', '', '', 'f', NULL, 5),
(15844, 'T', 'BENI AICH', 'Jean-Paul', NULL, '', NULL, '', '', '', 'jean-paul.beni-aiche@ac-grenoble.fr', '', '', '', 'm', NULL, 5),
(15845, 'T', 'CELLERIER', 'Sylvain', '1978-11-02', '', 0, '', '', '', '', '', '', '40b7859beac9bf3a6336760ee13b3e7e.jpg', 'm', '', 5),
(15846, 'T', 'CHEVRIER', 'Jean-Cristophe', NULL, '', NULL, '', '', '', 'jean-christophe.chevrier@laposte.net', '', '', '', 'm', NULL, 5),
(15847, 'T', 'COUDERT', 'Gabrielle', '1978-11-02', '', 0, '', '', '', '', '', '', '', 'f', '', 5),
(15848, 'T', 'ESCUDIE', 'Latitia', NULL, '', NULL, '', '', '', '', '', '', '', 'f', NULL, 5),
(15849, 'T', 'PACAUD', 'Philippe', NULL, '', NULL, '', '', '', '', '', '', '', 'm', NULL, 5),
(15850, 'T', 'VINCENT', 'Monique', NULL, '', NULL, '', '', '', '', '', '', '', 'f', NULL, 5),
(15851, 'T', 'TEYSSIER', 'Franck', NULL, '', NULL, '', '', '', '', '', '', '', 'm', NULL, 5),
(15852, 'T', 'TYHFIA', 'Ahmed', NULL, '', NULL, '', '', '', '', '', '', '', 'm', NULL, 5),
(15853, 'T', 'DUBOIS', 'Laurent', NULL, '', NULL, '', '', '', '', '', '', '', 'm', NULL, 5),
(15854, 'T', 'Bucher', 'Maxime', NULL, '', NULL, '', '', '', 'maxime.bucher@orange.fr', '', '', '', 'm', NULL, 5),
(15855, 'T', 'Chaumaiziere', 'Anne', NULL, '', NULL, '', '', '', '', '', '', '', 'f', NULL, 5),
(15856, 'T', 'Cinquin', 'Adeline', NULL, '', NULL, '', '', '', '', '', '', '', 'f', NULL, 5),
(15857, 'T', 'Clamens', 'Severine', NULL, '', NULL, '', '', '', '', '', '', '', 'f', NULL, 5),
(15858, 'T', 'Damiron', 'cecile', NULL, '', NULL, '', '', '', '', '', '', '', 'f', NULL, 5),
(15859, 'T', 'Di Palma', 'Serge', NULL, '', NULL, '', '', '', '', '', '', '', 'm', NULL, 5),
(15860, 'T', 'FAURE', 'Jean Dominique', NULL, '', NULL, '', '', '', '', '', '', '', 'f', NULL, 5),
(15861, 'T', 'Goyet', 'valerie', NULL, '', NULL, '', '', '', '', '', '', '', 'f', NULL, 5),
(15862, 'T', 'Grimand', 'Stephane', NULL, '', NULL, '', '', '', '', '', '', '', 'm', NULL, 5),
(15863, 'T', 'Guyonnet', 'Cecile', NULL, '', NULL, '', '', '', '', '', '', '', 'f', NULL, 5),
(15864, 'T', 'Neveu', 'Mathieu', NULL, '', NULL, '', '', '', 'matthieu.neveu@gmail.com', '', '', '', 'm', NULL, 5),
(15865, 'T', 'Prous', 'Elsa', NULL, '', NULL, '', '', '', '', '', '', '', 'f', NULL, 5),
(15866, 'T', 'Richonnier', 'Olivier', NULL, '', NULL, '', '', '', '', '', '', '', 'm', NULL, 5),
(15867, 'T', 'Semhoun Yves', 'Issac', NULL, '', NULL, '', '', '', '', '', '', '', 'm', NULL, 5),
(15868, 'T', 'Torres', 'Sophie', NULL, '', NULL, '', '', '', '', '', '', '', 'f', NULL, 5),
(15869, 'T', 'Yaiche', 'Roxanne', NULL, '', NULL, '', '', '', '', '', '', '', 'f', NULL, 5),
(15870, 'T', 'LE TRONG', 'Hieu', NULL, '', NULL, '', '', '', 'hletrong@free.fr', '', '', '', 'm', NULL, 5),
(15871, 'T', 'AUDOYNAUD', 'Jean-Philippe', NULL, '', NULL, '', '', '', '', '', '', '', 'm', NULL, 5),
(15872, 'T', 'BADEY', 'Franciane', NULL, '', NULL, '', '', '', '', '', '', '', 'f', NULL, 5),
(15873, 'T', 'CHUZEVILLE', 'Carine', NULL, '', NULL, '', '', '', '', '', '', '', 'f', NULL, 5),
(15874, 'T', 'COURTIERE', 'Charlotte', NULL, '', NULL, '', '', '', '', '', '', '', 'f', NULL, 5),
(15875, 'T', 'ESCUDIE', 'Marie-Julie', NULL, '', NULL, '', '', '', 'marie.julie.escudie@logica.com', '', '', '', 'f', NULL, 5),
(15876, 'T', 'GUILLOT', 'Magalie', NULL, '', NULL, '', '', '', '', '', '', '', 'f', NULL, 5),
(15877, 'T', 'JACQUES-SEBASTIEN', 'Emmanuel', NULL, '', NULL, '', '', '', '', '', '', '', 'm', NULL, 5),
(15878, 'T', 'KHAMARI Oum', NULL, NULL, '', NULL, '', '', '', '', '', '', '', 'f', NULL, 5),
(15879, 'T', 'KLING', 'Gaelle', NULL, '', NULL, '', '', '', '', '', '', '', 'f', NULL, 5),
(15880, 'T', 'LIZOT', 'Ludovic', NULL, '', NULL, '', '', '', 'lizotl@infonie.fr', '', '', '', 'm', NULL, 5),
(15881, 'T', 'LOUIS', 'Lucie', NULL, '', NULL, '', '', '', '', '', '', '', 'f', NULL, 5),
(15882, 'T', 'MARIE', 'Antoine', NULL, '', NULL, '', '', '', '', '', '', '', 'm', NULL, 5),
(15883, 'T', 'MAURY', 'Cedric', NULL, '', NULL, '', '', '', '', '', '', '', 'm', NULL, 5),
(15884, 'T', 'MONTIEL', 'Frederique', NULL, '', NULL, '', '', '', '', '', '', '', 'm', NULL, 5),
(15885, 'T', 'NHEM', 'Sovattha', NULL, '', NULL, '', '', '', 'sovattha@yahoo.fr', '', '', '', 'f', NULL, 5),
(15886, 'T', 'OULD BAKAR', 'Mohamed', NULL, '', NULL, '', '', '', '', '', '', '', 'm', NULL, 5),
(15887, 'T', 'SOUBRANE', 'Benoit', NULL, '', NULL, '', '', '', 'bsoubrane@yahoo.fr', '', '', '', 'm', NULL, 5),
(15888, 'T', 'VIDEMANN', 'Fabienne', NULL, '', NULL, '', '', '', '', '', '', '', 'f', NULL, 5),
(15889, 'T', 'BALLAND', 'Edwige', NULL, '', NULL, '', '', '', '', '', '', '', 'f', NULL, 5),
(15890, 'T', 'BARIOD', 'Pascale', NULL, '', NULL, '', '', '', '', '', '', '', 'f', NULL, 5),
(15891, 'T', 'BLANCHET', 'Arnaud', NULL, '', NULL, '', '', '', 'arnaud_blanchet@yahoo.fr', '', '', '', 'm', NULL, 5),
(15892, 'T', 'BOIS', 'Astrid', NULL, '', NULL, '', '', '', '', '', '', '', 'f', NULL, 5),
(15893, 'T', 'CASTELNEAU', 'Xavier', NULL, '', NULL, '', '', '', '', '', '', '', 'm', NULL, 5),
(15894, 'T', 'DISSANE', 'Audrey', NULL, '', NULL, '', '', '', 'zdray@yahoo.com', '', '', '', 'f', NULL, 5),
(15895, 'T', 'EHRHARDT', 'Marie-noelle', NULL, '', NULL, '', '', '', '', '', '', '', 'f', NULL, 5),
(15896, 'T', 'FLAMENT', 'THOMAS', NULL, '', NULL, '', '', '', 'thomas.flament@lcl.fr', '', '', '', 'm', NULL, 5),
(15897, 'T', 'GAMET', 'Valerie', NULL, '', NULL, '', '', '', 'valgamet@yahoo.com', '', '', '', 'f', NULL, 5),
(15898, 'T', 'GHOUAIEL', 'Mariem', NULL, '', NULL, '', '', '', 'mariem_g@yahoo.fr', '', '', '', 'f', NULL, 5),
(15899, 'T', 'LAMBERT', 'Jean-Christophe', NULL, '', NULL, '', '', '', 'jcllambert@yahoo.com', '', '', '', 'm', NULL, 5),
(15900, 'T', 'MAROT', 'Emmanuelle', NULL, '', NULL, '', '', '', '', '', '', '', 'f', NULL, 5),
(15901, 'T', 'MAXIT', 'Nathalie', NULL, '', NULL, '', '', '', 'nmaxit@aol.com', '', '', '', 'f', NULL, 5),
(15902, 'T', 'NAIM', 'Anis', NULL, '', NULL, '', '', '', '', '', '', '', 'm', NULL, 5),
(15903, 'T', 'SCHVAN', 'Edith', NULL, '', NULL, '', '', '', '', '', '', '', 'f', NULL, 5),
(15904, 'T', 'ZHANG', 'Kemiao', NULL, '', NULL, '', '', '', '', '', '', '', 'm', NULL, 5),
(15905, 'T', 'ACQUAVIVA', 'Nadine', NULL, '', NULL, '', '', '', '', '', '', '', 'f', NULL, 5),
(15906, 'T', 'AMOUYAL', 'Frederic', NULL, '', NULL, '', '', '', '', '', '', '', 'm', NULL, 5),
(15907, 'T', 'BAH', 'Boubacar', NULL, '', NULL, '', '', '', 'bs_bah@hotmail.com', '', '', '', 'm', NULL, 5),
(15908, 'T', 'BELLAGI', 'Hatem', NULL, '', NULL, '', '', '', '', '', '', '', 'm', NULL, 5),
(15909, 'T', 'BERNON', 'Stephane', NULL, '', NULL, '', '', '', 'sbernon@yahoo.fr', '', '', '', 'm', NULL, 5),
(15910, 'T', 'CARNET', 'Cyril', NULL, '', NULL, '', '', '', '', '', '', '', 'm', NULL, 5),
(15911, 'T', 'CAVAGLIA', 'Carole', NULL, '', NULL, '', '', '', '', '', '', '', 'f', NULL, 5),
(15912, 'T', 'CHHAY', 'Khunlong', NULL, '', NULL, '', '', '', 'ckhun@mobitel.com.kh', '', '', '', 'm', NULL, 5),
(15913, 'T', 'ELKHOBZI', 'Hamid', NULL, '', NULL, '', '', '', '', '', '', '', 'm', NULL, 5),
(15914, 'T', 'FICHET', 'Carole', NULL, '', NULL, '', '', '', '', '', '', '', 'f', NULL, 5),
(15915, 'T', 'FOUCART', 'Cyndi', NULL, '', NULL, '', '', '', 'c_foucart@yahoo.fr', '', '', '', 'f', NULL, 5),
(15916, 'T', 'GAGNON', 'Benoit', NULL, '', NULL, '', '', '', '', '', '', '', 'm', NULL, 5),
(15917, 'T', 'LALUC', 'Renaud', NULL, '', NULL, '', '', '', 'r_laluc@yahoo.fr', '', '', '', 'm', NULL, 5),
(15918, 'T', 'LAURENSON', 'Virginie', NULL, '', NULL, '', '', '', 'vlaurenson@mti-int.ch', '', '', '', 'f', NULL, 5),
(15919, 'T', 'LO', 'Try', NULL, '', NULL, '', '', '', '', '', '', '', 'm', NULL, 5),
(15920, 'T', 'PETTON', 'Helene', NULL, '', NULL, '', '', '', 'h_petton@yahoo.com', '', '', '', 'f', NULL, 5),
(15921, 'T', 'PORTENART', 'Sandrine', NULL, '', NULL, '', '', '', '', '', '', '', 'f', NULL, 5),
(15922, 'T', 'RICARD', 'Sandrine', NULL, '', NULL, '', '', '', 'ricardsa@yahoo.fr', '', '', '', 'f', NULL, 5),
(15923, 'T', 'ROCHE', 'Magali', NULL, '', NULL, '', '', '', 'mroche@sqli.com', '', '', '', 'f', NULL, 5),
(15924, 'T', 'SCHEERENS', 'Wijnand', NULL, '', NULL, '', '', '', 'w.scheerens@cramra.fr', '', '', '', 'm', NULL, 5),
(15925, 'T', 'SELMI', 'Dorsaf', NULL, '', NULL, '', '', '', 'dorsaf.selmi@bearingpoint.com', '', '', '', 'f', NULL, 5),
(15926, 'T', 'THANGAVEL', 'Selvani', NULL, '', NULL, '', '', '', '', '', '', '', 'f', NULL, 5),
(15927, 'T', 'BLANC', 'Janick', NULL, '', NULL, 'Lyon', 'France', '', '', '', '', '', 'f', NULL, 5),
(15928, 'T', 'ORLANDO', 'Ludovic', NULL, '111 cours Tolstoi', NULL, 'Villeurbanne', 'France', '', 'ludo69@aol.com', '', '', '', 'm', NULL, 5),
(15929, 'T', 'TOUZE', 'Marielle', NULL, '', NULL, '', 'France', '', '', '', '', '', 'f', NULL, 5),
(15930, 'T', 'D HONDT', 'Sophie', NULL, '', NULL, '', 'France', '', '', '', '', '', 'f', NULL, 5),
(15931, 'T', 'GUESNON', 'Gabriel', NULL, '', NULL, '', 'France', '', '', '', '', '', 'm', NULL, 5),
(15932, 'T', 'BOULBALLOUT', 'Fouad', NULL, '97 cours de Verdun', NULL, '', 'France', '', 'fboulballout@yahoo.fr', '', '', '', 'm', NULL, 5),
(15933, 'T', 'EZZOUAK', 'Mohamed', NULL, '22 rue St Exupery', NULL, '', 'France', '', 'ezzouak@yahoo.com', '', '', '', 'm', NULL, 5),
(15934, 'T', 'ITCHAOU', 'Nafis', NULL, '', NULL, '', 'France', '', '', '', '', '', 'm', NULL, 5),
(15935, 'T', 'SERRE', 'Audrey', NULL, '', NULL, '', 'France', '', '', '', '', '', 'f', NULL, 5),
(15936, 'T', 'FAURE', 'Catherine', NULL, 'Au BOurg', NULL, '', 'France', '', 'cat_faure@yahoo.fr', '', '', '', 'f', NULL, 5),
(15937, 'T', 'LARCHER', 'THomas', NULL, '', NULL, 'Villeurbanne', 'France', '', '', '', '', '', 'm', NULL, 5),
(15938, 'T', 'CAETANO', 'Sandrine', NULL, '1 rue des Chanterelles', NULL, '', 'France', '', 'sandrinefournier@hotmail.com', '', '', '', 'f', NULL, 5),
(15939, 'T', 'CLOEREC', 'Gaelle', NULL, '40 rue du Presbytere', NULL, '', 'France', '', 'cgaelle@hotmail.com', '', '', '', 'f', NULL, 5),
(15940, 'T', 'MAR', 'Alfredos', NULL, '', NULL, 'Lyon', 'France', '', '', '', '', '', 'm', NULL, 5),
(15941, 'T', 'MOREAU', 'Hubert', NULL, '', NULL, '', 'France', '', '', '', '', '', 'm', NULL, 5),
(15942, 'T', 'BESNIER', 'Josselin', NULL, '1 allee des lapins', NULL, '', 'France', '', 'josselin_b@yahoo.com', '', '', '', 'm', NULL, 5),
(15943, 'T', 'MORARD', 'Olivier', NULL, 'Les Touziers', NULL, '', 'France', '', 'omorard@groupeseb.com', '', '', '', 'm', NULL, 5),
(15944, 'T', 'PISTRE', 'Eric', NULL, '', NULL, '', 'France', '', '', '', '', '', 'm', NULL, 5),
(15945, 'T', 'MAREL', 'Stephanie', NULL, '', NULL, '', 'France', '', '', '', '', '', 'f', NULL, 5),
(15946, 'T', 'PAYET', 'Fabien', NULL, '', NULL, '', 'France', '', '', '', '', '', 'm', NULL, 5),
(15947, 'T', 'ROUCHER', 'Stephanie', NULL, '', NULL, '', 'France', '', '', '', '', '', 'f', NULL, 5),
(15948, 'T', 'DUBOULOZ', 'Nicolas', NULL, '', NULL, 'Villeurbanne', 'France', '', '', '', '', '', 'm', NULL, 5),
(15949, 'T', 'FIRANESCU - RADA', 'Luminata', NULL, '', NULL, '', '', '', '', '', '', '', 'f', NULL, 5),
(15950, 'T', 'MAUFRAIS', 'Nicolas', NULL, '', NULL, '', 'France', '', '', '', '', '', 'm', NULL, 5),
(15951, 'T', 'PRIEUR', 'Julie', NULL, '98 rue St Georges', NULL, 'Lyon', 'France', '', 'julip@wanadoo.fr', '', '', '', 'f', NULL, 5),
(15952, 'T', 'MAIELLARO', 'Virginie', NULL, '', NULL, '', 'France', '', '', '', '', '', 'f', NULL, 5),
(15953, 'T', 'BAAZIZ', 'Sonia', NULL, '', NULL, '', 'France', '', '', '', '', '', 'f', NULL, 5),
(15954, 'T', 'BES', 'Alexandra', NULL, '', NULL, '', 'France', '', '', '', '', '', 'f', NULL, 5),
(15955, 'T', 'BRUNEL', 'Carine', NULL, '', NULL, 'Nice', 'France', '', '', '', '', '', 'f', NULL, 5),
(15956, 'T', 'SANCHEZ', 'Frederic', NULL, '24 rue du Plat', NULL, '', 'France', '', 'sanchez.frederic@gmail.com', '', '', '', 'm', NULL, 5),
(15957, 'T', 'THEBAULT', 'Julie', NULL, '', NULL, '', '', '', '', '', '', '', 'f', NULL, 5),
(15958, 'T', 'ZIDANI', 'Rachid', NULL, '25 C rue Georges COurteline', 69100, 'Villeurbanne', 'France', '', 'zidanir@yahoo.com', '', '', '', 'm', NULL, 5),
(15959, 'T', 'AIGOUY', 'Audreu', NULL, '', NULL, '', 'France', '', '', '', '', '', 'm', NULL, 5),
(15960, 'T', 'TEXEIRA', 'Christian', NULL, '', NULL, '', 'France', '', '', '', '', '', 'm', NULL, 5),
(15961, 'T', 'BOSCHER', 'Agnes', NULL, '', NULL, 'Lyon', 'France', '', '', '', '', '', 'f', NULL, 5),
(15962, 'T', 'ROMAN', 'Lise', NULL, '', NULL, '', '', '', '', '', '', '', 'f', NULL, 5),
(15963, 'T', 'CHABROL', 'Nicolas', NULL, '', NULL, '', 'France', '', '', '', '', '', 'm', NULL, 5),
(15964, 'T', 'YILMAZ', 'Fatma', NULL, '', NULL, 'Lyon', 'France', '', '', '', '', '', 'f', NULL, 5),
(15965, 'T', 'SBAI', 'Houda', NULL, '', NULL, '', 'France', '', '', '', '', '', 'f', NULL, 5),
(15966, 'T', 'BRUEGEL', 'Jonathan', NULL, '', NULL, 'Lyon', 'France', '', '', '', '', '', 'm', NULL, 5),
(15967, 'T', 'GESINA', 'Yann', NULL, '', NULL, 'Nice', 'France', '', '', '', '', '', 'm', NULL, 5),
(15968, 'T', 'AKSOY', 'Alice', NULL, '', NULL, '', '', '', 'alice.aksoy@gmail.com', '', '', '', 'f', NULL, 5),
(15969, 'T', 'ALLE', 'Jean-Christophe', NULL, '', NULL, '', '', '', 'jc.alle@startbourse.com', '', '', '', 'm', NULL, 5),
(15970, 'T', 'BEN GHARBIA', 'Ramzi', NULL, '', NULL, '', '', '', '', '', '', '', 'm', NULL, 5),
(15971, 'T', 'BRUNEL', 'Pascal', NULL, '', NULL, '', '', '', 'lanfeust@worldonline.fr', '', '', '', 'm', NULL, 5),
(15972, 'T', 'DUMAS', 'Vanessa', NULL, '', NULL, '', '', '', '', '', '', '', 'f', NULL, 5),
(15973, 'T', 'GUENNOU', 'Jord', NULL, '', NULL, '', '', '', '', '', '', '', 'm', NULL, 5),
(15974, 'T', 'GUERRIN Anne', 'Celine', NULL, '', NULL, '', '', '', '', '', '', '', 'f', NULL, 5),
(15975, 'T', 'JOLIVET', 'Stephane', NULL, '', NULL, '', '', '', 'frite75@free.fr', '', '', '', 'm', NULL, 5),
(15976, 'T', 'JUISHOMME', NULL, NULL, '', NULL, '', '', '', '', '', '', '', 'N', NULL, 5),
(15977, 'T', 'LENGLIZ', 'Mourad', NULL, '', NULL, '', '', '', '', '', '', '', 'm', NULL, 5),
(15978, 'T', 'MERAD', 'Boudjemaa', NULL, '', NULL, '', '', '', '', '', '', '', 'm', NULL, 5),
(15979, 'T', 'MOUROT', 'Julien', NULL, '', NULL, '', '', '', '', '', '', '', 'm', NULL, 5),
(15980, 'T', 'PACANOWSKI', 'Arnaud', NULL, '', NULL, '', '', '', '', '', '', '', 'm', NULL, 5),
(15981, 'T', 'PAVLINIC', 'Nicolas', NULL, '', NULL, '', '', '', '', '', '', '', 'm', NULL, 5),
(15982, 'T', 'PAYEN', 'Delphine', NULL, '', NULL, '', '', '', '', '', '', '', 'f', NULL, 5),
(15983, 'T', 'PERRET', 'Severine', NULL, '', NULL, '', '', '', '', '', '', '', 'f', NULL, 5),
(15984, 'T', 'PERRIER', 'Jean-Philippe', NULL, '', NULL, '', '', '', '', '', '', '', 'm', NULL, 5),
(15985, 'T', 'PINCHINAT', 'Anne', NULL, '', NULL, '', '', '', '', '', '', '', 'f', NULL, 5),
(15986, 'T', 'RAHMANI', 'Ismail', NULL, '', NULL, '', '', '', '', '', '', '', 'm', NULL, 5),
(15987, 'T', 'TRIDEAU', 'Florence', NULL, '', NULL, '', '', '', '', '', '', '', 'f', NULL, 5),
(15988, 'T', 'TURC', 'Marie', NULL, '', NULL, '', '', '', '', '', '', '', 'f', NULL, 5),
(15989, 'T', 'SILHADI', 'Samira', NULL, '', NULL, '', '', '', '', '', '', '', 'f', NULL, 5),
(15990, 'T', 'ELZAIR', 'Walid', NULL, '', NULL, '', '', '', '', '', '', '', 'm', NULL, 5),
(15991, 'T', 'AIT OUFKIR', 'Mounia', NULL, '', NULL, '', '', '', 'mounia.aitofkir@gmail.com', '', '', '', 'f', NULL, 5),
(15992, 'T', 'AKDI', 'Nadia', NULL, '', NULL, '', '', '', 'nadia_akdi@yahoo.fr', '', '', '', 'f', NULL, 5),
(15993, 'T', 'ARNAL', 'Carole', NULL, '', NULL, '', '', '', 'carole_arnal@hotmail.com', '', '', '', 'f', NULL, 5),
(15994, 'T', 'BUCLON', 'Myriam', NULL, '', NULL, '', '', '', '', '', '', '', 'f', NULL, 5),
(15995, 'T', 'CHABOUD', 'Laetitia', NULL, '', NULL, '', '', '', '', '', '', '', 'f', NULL, 5),
(15996, 'T', 'CLELAND', 'Olivier', NULL, '', NULL, '', '', '', '', '', '', '', 'm', NULL, 5),
(15997, 'T', 'CLERC', 'Frederic', NULL, '', NULL, '', '', '', 'clerc.frederic@gmail.com', '', '', '', 'm', NULL, 5),
(15998, 'T', 'COHEN', 'Isabelle', NULL, '', NULL, '', '', '', '', '', '', '', 'f', NULL, 5),
(15999, 'T', 'DELAVEAU', 'Alexia', NULL, '', NULL, '', '', '', '', '', '', '', 'f', NULL, 5),
(16000, 'T', 'DEMBLOCQUE', 'Alban', NULL, '', NULL, '', '', '', '', '', '', '', 'm', NULL, 5),
(16001, 'T', 'DUFFROUX', 'Amandine', NULL, '', NULL, '', '', '', 'aduffoux@isaip.uco.fr', '', '', '', 'f', NULL, 5),
(16002, 'T', 'EBURDY', 'Sevrine', NULL, '', NULL, '', '', '', '', '', '', '', 'f', NULL, 5),
(16003, 'T', 'FAVRE', 'Cecile', NULL, '', NULL, '', '', '', 'cecile.favre@univ-lyon2.fr', '', '', '', 'f', NULL, 5),
(16004, 'T', 'GARDE', 'Roxane', NULL, '', NULL, '', '', '', '', '', '', '', 'f', NULL, 5),
(16005, 'T', 'GHURBHURN', 'Rahee', NULL, '', NULL, '', '', '', 'g_rahee@yahoo.com', '', '', '', 'm', NULL, 5),
(16006, 'T', 'LE BLANC', 'Emilie', NULL, '', NULL, '', '', '', '', '', '', '', 'f', NULL, 5),
(16007, 'T', 'LE GUEN', 'Marie-Aude', NULL, '', NULL, '', '', '', '', '', '', '', 'f', NULL, 5),
(16008, 'T', 'LIGNON', 'Olivier', NULL, '', NULL, '', '', '', '', '', '', '', 'm', NULL, 5),
(16009, 'T', 'LUTZ', 'Juliette', NULL, '', NULL, '', '', '', '', '', '', '', 'f', NULL, 5),
(16010, 'T', 'METRAL', 'Yvan', NULL, '', NULL, '', '', '', 'metral.y@wanadoo.fr', '', '', '', 'm', NULL, 5),
(16011, 'T', 'OLIVIER', 'Emerson', NULL, '', NULL, '', '', '', 'emerson2fr@yahoo.fr', '', '', '', 'm', NULL, 5),
(16012, 'T', 'POLI', 'Stephanie', NULL, '', NULL, '', '', '', 'stephanie279@free.fr', '', '', '', 'f', NULL, 5),
(16013, 'T', 'RODRIGUEZ', 'Stephane', NULL, '', NULL, '', '', '', 's_rodrig@yahoo.fr', '', '', '', 'm', NULL, 5),
(16014, 'T', 'ROSE', 'Christian', NULL, '', NULL, '', '', '', 'ch-rose@wanadoo.fr', '', '', '', 'm', NULL, 5),
(16015, 'T', 'SIMPLEX', 'Isabelle', NULL, '', NULL, '', '', '', '', '', '', '', 'f', NULL, 5),
(16016, 'T', 'TANASESCU', 'Adrian', NULL, '', NULL, '', '', '', 'atanasescu@gmail.com', '', '', '', 'm', NULL, 5),
(16017, 'T', 'TATREAUX', 'Isabelle', NULL, '', NULL, '', '', '', 'itatreaux@yahoo.fr', '', '', '', 'f', NULL, 5),
(16018, 'T', 'VOLLE', 'Virginie', NULL, '', NULL, '', '', '', '', '', '', '', 'f', NULL, 5),
(16019, 'T', 'CHAMBRILLON', 'julien', NULL, '', NULL, '', '', '', '', '', '', '', 'm', NULL, 5),
(16020, 'T', 'CHELLE', 'denis', NULL, '', NULL, '', '', '', '', '', '', '', 'm', NULL, 5),
(16021, 'T', 'DE VAULX', 'Aymard', NULL, '', NULL, '', '', '', '', '', '', '', 'm', NULL, 5),
(16022, 'T', 'GIRARD', 'Caroline', NULL, '', NULL, '', '', '', '', '', '', '', 'f', NULL, 5),
(16023, 'T', 'TCHIRIKOV', 'Yura', NULL, '', NULL, '', '', '', '', '', '', '', 'f', NULL, 5),
(16024, 'T', 'VISSAGUET', 'Nathalie', NULL, '', NULL, '', '', '', '', '', '', '', 'f', NULL, 5),
(16025, 'T', 'ADNANE', 'Abdelghani', NULL, '', NULL, '', '', '', 'abdelghani.adnane@gmail.com', '', '', '', 'm', NULL, 5),
(16026, 'T', 'ANTHOARD', 'Stephane', NULL, '', NULL, '', '', '', 's.anthoard@voila.fr', '', '', '', 'm', NULL, 5),
(16027, 'T', 'AUBANEL', 'Sandra', NULL, '', NULL, '', '', '', '', '', '', '', 'f', NULL, 5),
(16028, 'T', 'BENDIB', 'Hakim', NULL, '', NULL, '', '', '', '', '', '', '', 'm', NULL, 5),
(16029, 'T', 'BERNES', 'Lucie', NULL, '', NULL, '', '', '', '', '', '', '', 'f', NULL, 5),
(16030, 'T', 'BERTRABD', 'olivier', NULL, '', NULL, '', '', '', '', '', '', '', 'm', NULL, 5),
(16031, 'T', 'BOUZIDI', 'Abdelkader', NULL, '', NULL, '', '', '', 'b.abdelkader@laposte.net', '', '', '', 'm', NULL, 5),
(16032, 'T', 'BRACCO', 'Noelle', NULL, '', NULL, '', '', '', '', '', '', '', 'f', NULL, 5),
(16033, 'T', 'CHANDON', 'Gautier', NULL, '', NULL, '', '', '', '', '', '', '', 'm', NULL, 5),
(16034, 'T', 'CHETAIL', 'Fabien', NULL, '', NULL, '', '', '', 'fabien.chetail@laposte.net', '', '', '', 'm', NULL, 5),
(16035, 'T', 'DESFOUR', 'Gregory', NULL, '', NULL, '', '', '', '', '', '', '', 'm', NULL, 5),
(16036, 'T', 'DRUOT', 'Vanessa', NULL, '', NULL, '', '', '', 'vandruot@numericable.fr', '', '', '', 'f', NULL, 5),
(16037, 'T', 'DUPIAT Anne', 'Monique', NULL, '', NULL, '', '', '', 'anne_dupiat@hotmail.com', '', '', '', 'f', NULL, 5),
(16038, 'T', 'FEHRI', 'Vanessa', NULL, '', NULL, '', '', '', 'vanessa_fehri@yahoo.fr', '', '', '', 'f', NULL, 5),
(16039, 'T', 'FONTANIER', 'Maxime', NULL, '', NULL, '', '', '', '', '', '', '', 'm', NULL, 5),
(16040, 'T', 'FOURNET', 'Emilien', NULL, '', NULL, '', '', '', 'efournet@free.fr', '', '', '', 'm', NULL, 5),
(16041, 'T', 'FREMEAUX', 'Bertille', NULL, '', NULL, '', '', '', 'bertille.fremaux@gmail.com', '', '', '', 'f', NULL, 5),
(16042, 'T', 'GUESMIA', 'Sofiane', NULL, '', NULL, '', '', '', 'guesmia_sofiane@yahoo.fr', '', '', '', 'm', NULL, 5),
(16043, 'T', 'HUANG', 'Saiyu', NULL, '', NULL, '', '', '', '', '', '', '', 'm', NULL, 5),
(16044, 'T', 'JOUBERT', 'Bruno', NULL, '', NULL, '', '', '', '', '', '', '', 'm', NULL, 5),
(16045, 'T', 'KHATA', 'Mohamed', NULL, '', NULL, '', '', '', '', '', '', '', 'm', NULL, 5),
(16046, 'T', 'MARTIN', 'Lionel', NULL, '', NULL, '', '', '', 'lionelmartin38@hotmail.com', '', '', '', 'm', NULL, 5),
(16047, 'T', 'MINNEGHEER', 'Mathieu', NULL, '', NULL, '', '', '', '', '', '', '', 'm', NULL, 5),
(16048, 'T', 'MONTANDON', 'Brice', NULL, '', NULL, '', '', '', 'brice.montandon@gmail.com', '', '', '', 'm', NULL, 5),
(16049, 'T', 'MOUTON', 'Benjamin', NULL, '', NULL, '', '', '', '', '', '', '', 'm', NULL, 5),
(16050, 'T', 'NGUYEN', 'Ny-Dung', NULL, '', NULL, '', '', '', '', '', '', '', 'm', NULL, 5),
(16051, 'T', 'N GUYEN', 'Thi-Thuy', NULL, '', NULL, '', '', '', 'ttnguyen@canalce.com', '', '', '', 'm', NULL, 5),
(16052, 'T', 'OULD MOHAMED', 'Sidi', NULL, '', NULL, '', '', '', '', '', '', '', 'm', NULL, 5),
(16053, 'T', 'RASPILAIRE', 'David', NULL, '', NULL, '', '', '', '', '', '', '', 'm', NULL, 5),
(16054, 'T', 'SLAIM', 'Farid', NULL, '', NULL, '', '', '', '', '', '', '', 'm', NULL, 5),
(16055, 'T', 'SOLER', 'Nicolas', NULL, '', NULL, '', '', '', 'nicolas.soler-miage@laposte.net', '', '', '', 'm', NULL, 5),
(16056, 'T', 'THIERY', 'David', NULL, '', NULL, '', '', '', '', '', '', '', 'm', NULL, 5),
(16057, 'T', 'BETITO', 'Daniel', NULL, '', NULL, '', '', '', '', '', '', '', 'm', NULL, 5),
(16058, 'T', 'CHAGUE', 'Jerome', NULL, '', NULL, '', '', '', '', '', '', '', 'm', NULL, 5),
(16059, 'T', 'CHAZAL', 'Adrien', NULL, '', NULL, '', '', '', '', '', '', '', 'm', NULL, 5),
(16060, 'T', 'CHEVAUSSET', 'Julien', NULL, '', NULL, '', '', '', '', '', '', '', 'm', NULL, 5),
(16061, 'T', 'MANIN', 'Nicolas', NULL, '', NULL, '', '', '', '', '', '', '', 'm', NULL, 5),
(16062, 'T', 'MICHALAK', 'Julien', NULL, '', NULL, '', '', '', '', '', '', '', 'm', NULL, 5),
(16063, 'T', 'MICHEL', 'Clemence', NULL, '', NULL, '', '', '', '', '', '', '', 'f', NULL, 5),
(16064, 'T', 'SIRETA', 'Sabrina', NULL, '', NULL, '', '', '', '', '', '', '', 'f', NULL, 5),
(16065, 'T', 'TSAN', 'Jaqueline', NULL, '', NULL, '', '', '', '', '', '', '', 'f', NULL, 5),
(16066, 'T', 'ZAMBIANCHI', 'Sebastien', NULL, '', NULL, '', '', '', 'sebzamb@hotmail.com', '', '', '', 'm', NULL, 5),
(16067, 'T', 'BERKOUK', 'Anissa', NULL, '', NULL, '', '', '', 'anisse@neuf.fr', '', '', '', 'f', NULL, 5),
(16068, 'T', 'BERTRAND', 'Aurelien', NULL, '', NULL, '', '', '', 'aur-69@homail.com', '', '', '', 'm', NULL, 5),
(16069, 'T', 'CALLEGARI', 'Fabrice', NULL, '', NULL, '', '', '', 'callegari.fabrice@wanadoo.fr', '', '', '', 'm', NULL, 5),
(16070, 'T', 'DISEUR', 'Marion', NULL, '', NULL, '', '', '', 'marion.diseur@gmail.com', '', '', '', 'm', NULL, 5),
(16071, 'T', 'DUMAS', 'Mathieu', NULL, '', NULL, '', '', '', 'dumas.mathieu@free.fr', '', '', '', 'm', NULL, 5),
(16072, 'T', 'FOURTINE', 'Fabrice', NULL, '', NULL, '', '', '', 'fabrice.fourtine@free.fr', '', '', '', 'm', NULL, 5),
(16073, 'T', 'GIMENEZ', 'Manuel', NULL, '', NULL, '', '', '', 'ogsvart@yahoo.fr', '', '', '', 'm', NULL, 5),
(16074, 'T', 'GRANGE', 'Jean-Francois', NULL, '', NULL, '', '', '', 'manuel.gimenez1@caramail.com', '', '', '', 'm', NULL, 5),
(16075, 'T', 'GRIMAUD', 'Mael', NULL, '', NULL, '', '', '', 'maelg@hotmail.com', '', '', '', 'f', NULL, 5),
(16076, 'T', 'JOUANETON', 'Baptiste', NULL, '', NULL, '', '', '', 'bjouaneton@hevaweb.com', '', '', '', 'm', NULL, 5),
(16077, 'T', 'LAROUSSI', 'Olpha', NULL, '', NULL, '', '', '', 'laroussiolpha@yahoo.fr', '', '', '', 'f', NULL, 5),
(16078, 'T', 'LUC', 'Jerome', NULL, '', NULL, '', '', '', 'jerome.luc@free.fr', '', '', '', 'm', NULL, 5),
(16079, 'T', 'MALARET', 'Julie', NULL, '', NULL, '', '', '', 'julie.malaret@libertysurf.fr', '', '', '', 'f', NULL, 5),
(16080, 'T', 'MASSON', 'Julie', NULL, '', NULL, '', '', '', 'julie_masson_83@yahoo.fr', '', '', '', 'f', NULL, 5),
(16081, 'T', 'NGUIADEM FONDJO', 'Edith', NULL, '', NULL, '', '', '', 'etchetchoua@aol.com', '', '', '', 'f', NULL, 5),
(16082, 'T', 'PETITJEAN', 'Aurelie', NULL, '', NULL, '', '', '', 'apetitjean20@hotmail.com', '', '', '', 'f', NULL, 5),
(16083, 'T', 'PHILIPPON', 'Nathalie', NULL, '', NULL, '', '', '', 'nathaliephilippon@yahoo.fr', '', '', '', 'f', NULL, 5),
(16084, 'T', 'SEIGNOL', 'Ludivine', NULL, '', NULL, '', '', '', 'lulu_msn@hotmail.fr', '', '', '', 'f', NULL, 5),
(16085, 'T', 'SINSIN TOGNIMON', 'Jirland', NULL, '', NULL, '', '', '', 'gfsinsin@yahoo.fr', '', '', '', 'm', NULL, 5),
(16086, 'T', 'TACHON', 'Celine', NULL, '', NULL, '', '', '', 'celita@hotmail.fr', '', '', '', 'f', NULL, 5),
(16087, 'T', 'THABET', 'Haroun', NULL, '', NULL, '', '', '', 'haroun_thabet@hotmail.fr', '', '', '', 'm', NULL, 5),
(16088, 'T', 'ZAKRZEWSKI', 'Dominique', NULL, '', NULL, '', '', '', 'domz77@hotmail.com', '', '', '', 'f', NULL, 5),
(16089, 'T', 'ZEDAR', 'Djamel', NULL, '', NULL, '', '', '', 'dzediar@yahoo.fr', '', '', '', 'm', NULL, 5),
(16090, 'T', 'KHOUALDIA', 'Moufida', NULL, '', NULL, '', '', '', 'moufida-k@hotmail.com', '', '', '', 'f', NULL, 5),
(16091, 'T', 'CHARFI', 'Imen', NULL, '', NULL, '', '', '', 'imen_cherfi2005@yahoo.fr', '', '', '', 'f', NULL, 5),
(16092, 'T', 'ALILOUCHE', 'Sabrina', NULL, '', NULL, '', '', '', 'sabrina_alilouche@hotmail.com', '', '', '', 'f', NULL, 5),
(16093, 'T', 'BACCONIN', 'Thierry', NULL, '', NULL, '', '', '', 'thierry.bacconin@free.fr ', '', '', '', 'm', NULL, 5),
(16094, 'T', 'BEKHOUCHE', 'Mohamed', NULL, '', NULL, '', '', '', 'mohamedbekhouche@hotmail.com', '', '', '', 'm', NULL, 5),
(16095, 'T', 'BELAID', 'Abdelmalek', NULL, '', NULL, '', '', '', 'likai83@hotmail.com', '', '', '', 'm', NULL, 5),
(16096, 'T', 'BENAHMED', 'Adel', NULL, '', NULL, '', '', '', 'adel.ntm@gmail.com', '', '', '', 'm', NULL, 5),
(16097, 'T', 'BENOUAHAB', 'Mourad', NULL, '', NULL, '', '', '', 'mouradconcept@hotmail.com', '', '', '', 'm', NULL, 5),
(16098, 'T', 'BOUNEZOUR', 'Imed', NULL, '', NULL, '', '', '', 'imad_812000@yahoo.fr', '', '', '', 'm', NULL, 5),
(16099, 'T', 'CHAAB', 'Samir', NULL, '', NULL, '', '', '', 'ghostovsky@yahoo.fr', '', '', '', 'm', NULL, 5),
(16100, 'T', 'DEGLETAGNE', 'Claire', NULL, '', NULL, '', '', '', 'klairdeg@hotmail.com ', '', '', '', 'f', NULL, 5),
(16101, 'T', 'DUCOMMUN', 'Lorene', NULL, '', NULL, '', '', '', 'loreneducommun@hotmail.com', '', '', '', 'f', NULL, 5),
(16102, 'T', 'EL BIDAOUI', 'Taoufik', '0000-00-00', '1', 0, '', '', '', 'Tpokito@hotmail.com', '', '', '', 'm', '', 5),
(16103, 'T', 'FIGUEIRAS', 'Pedro', NULL, '', NULL, '', '', '', 'pedro.figueiras@netcourrier.com', '', '', '', 'm', NULL, 5),
(16104, 'T', 'FONTEP', 'Elysee', NULL, '', NULL, '', '', '', 'ed@fontep.com', '', '', '', 'f', NULL, 5),
(16105, 'T', 'GODFRIN', 'Thomas', NULL, '', NULL, '', '', '', 'thomas.godfrin@isfates.com', '', '', '', 'm', NULL, 5),
(16106, 'T', 'GUERGOURI', 'Salim', NULL, '', NULL, '', '', '', 'salim.guergouri@gmail.com ', '', '', '', 'm', NULL, 5),
(16107, 'T', 'GUIRONNET', 'Patrice', NULL, '', NULL, '', '', '', 'patrice.guironnet@laposte.fr', '', '', '', 'm', NULL, 5),
(16108, 'T', 'GUTIERREZ', 'Audrey', NULL, '', NULL, '', '', '', 'audrey.gutierrez@gmail.com ', '', '', '', 'f', NULL, 5),
(16109, 'T', 'HOURRI', 'Said', NULL, '', NULL, '', '', '', 'hourrisaid@gmail.com ', '', '', '', 'm', NULL, 5),
(16110, 'T', 'LARGERON', 'Nicolas', NULL, '', NULL, '', '', '', 'largeron.nicolas@free.fr', '', '', '', 'm', NULL, 5),
(16111, 'T', 'LORRAIN', 'Marie', NULL, '', NULL, '', '', '', 'lorrainmarie@gmail.com', '', '', '', 'f', NULL, 5),
(16112, 'T', 'METRAT', 'Claudie', NULL, '', NULL, '', '', '', 'cmetrat@free.fr ', '', '', '', 'f', NULL, 5),
(16113, 'T', 'MEZRAG', 'Mohamed', NULL, '', NULL, '', '', '', 'moh_mezrag@hotmail.com', '', '', '', 'm', NULL, 5),
(16114, 'T', 'PERRIER', 'Emmanuelle', NULL, '', NULL, '', '', '', 'emmaperrier@wanadoo.fr', '', '', '', 'f', NULL, 5),
(16115, 'T', 'RUSSOLO', 'Pierre-Herve', NULL, '', NULL, '', '', '', 'russolo.ph@gmail.com', '', '', '', 'm', NULL, 5),
(16116, 'T', 'SCHIKER-GAMORY', 'Isabelle', NULL, '', NULL, '', '', '', 'ig@ibee.fr', '', '', '', 'f', NULL, 5),
(16117, 'T', 'SYLLA', 'Aboubekrine', NULL, '', NULL, '', '', '', 'bouba25@hotmail.com', '', '', '', 'm', NULL, 5),
(16118, 'T', 'THOMAS', 'Gabriel', NULL, '', NULL, '', '', '', 'gaby06@gmail.com ', '', '', '', 'm', NULL, 5),
(16119, 'T', 'VARIOT', 'Benjamin', NULL, '', NULL, '', '', '', 'benjamin.variot@gmail.com', '', '', '', 'm', NULL, 5),
(16120, 'T', 'YILMAZ', 'Mustafa', NULL, '', NULL, '', '', '', 'mustafa-yilmaz@hotmail.fr ', '', '', '', 'm', NULL, 5),
(16121, 'T', 'AICHOUR', 'MEZIANE', NULL, '', NULL, '', '', '', 'mezassi@hotmail.com', '', '', '', 'm', NULL, 5),
(16122, 'T', 'AMALOU', 'AREZKI', NULL, '', NULL, '', '', '', 'arezli_am@yahoo.fr', '', '', '', 'm', NULL, 5),
(16123, 'T', 'ATCHIKPA', 'EDITH', NULL, '', NULL, '', '', '', 'atchedith84@yahoo.fr', '', '', '', 'f', NULL, 5),
(16124, 'T', 'BEKKAT', 'RAFIK', NULL, '', NULL, '', '', '', 'bekkatrafik@hotmail.com', '', '', '', 'm', NULL, 5),
(16125, 'T', 'BENSLIMANE', 'KHADIJA', NULL, '', NULL, '', '', '', '', '', '', '', 'f', NULL, 5),
(16126, 'T', 'EVAIN', 'JEAN BAPTISTE', NULL, '', NULL, '', '', '', 'jb@evain.net', '', '', '', 'm', NULL, 5),
(16127, 'T', 'GAUDIN', 'RENAUD', NULL, '', NULL, '', '', '', 'rgaudin@gmail.com', '', '', '', 'm', NULL, 5),
(16128, 'T', 'HOMAWOO', 'KODZO', NULL, '', NULL, '', '', '', 'viatsuho@hotmail', '', '', '', 'm', NULL, 5),
(16129, 'T', 'LEROUX', 'CHRISTOPHE', NULL, '', NULL, '', '', '', 'clx.professionnel@free.fr', '', '', '', 'm', NULL, 5),
(16130, 'T', 'TARABET', 'TASSADIT SAMIA', NULL, '', NULL, '', '', '', 'tassadit.tarabet@insa-lyon.fr', '', '', '', 'f', NULL, 5),
(16131, 'T', 'CHIKHAOUI', 'MOHAMED', NULL, '', NULL, '', '', '', 'm.chikhaoui@free.fr', '', '', '', 'm', NULL, 5),
(16132, 'T', 'OUEDERNI', 'ABOUD ZIED', NULL, '', NULL, '', '', '', 'zied.ouederni@maviflex.com', '', '', '', 'm', NULL, 5),
(16133, 'T', 'GUESMI', 'IMEN', NULL, '', NULL, '', '', '', 'mani_abed001@yahoo.fr', '', '', '', 'f', NULL, 5),
(16134, 'T', 'AYOUBI', 'YASSINE', NULL, '', NULL, '', '', '', 'y.ayoubi@efq.fr', '', '', '', 'm', NULL, 5),
(16135, 'T', 'SARIAK', 'ADEL', NULL, '', NULL, '', '', '', 'adel.sariak@gmail.com', '', '', '', 'm', NULL, 5),
(16136, 'T', 'KHETTAF', 'MOHAMED', NULL, '', NULL, '', '', '', 'med_khettaf@hotmail.com', '', '', '', 'm', NULL, 5),
(16137, 'T', 'LAHRECHE', 'DJAMIL', NULL, '', NULL, '', '', '', 'djamil44@hotmail.com', '', '', '', 'm', NULL, 5),
(16138, 'T', 'LAALOUI', 'Imad-Eddine', NULL, '', NULL, '', '', '', 'ilaaloui@wta.dz', '', '', '', 'm', NULL, 5),
(16139, 'T', 'HACENE', 'Mouhoub', NULL, '', NULL, '', '', '', 'hmouhoub@hotmail.com', '', '', '', 'm', NULL, 5),
(16140, 'T', 'SABER', 'Zahida', NULL, '', NULL, '', '', '', 'sc.zahida@gmail.com', '', '', '', 'f', NULL, 5),
(16141, 'T', 'AITALI', 'Ahmed', NULL, '', NULL, '', '', '', 'aitali.ahmed@gmail.com', '', '', '', 'm', NULL, 5),
(16142, 'T', 'BLANCHET', 'Jeremy', NULL, '', NULL, '', '', '', 'jeremy.banchet@univ-lyon2.fr', '', '', '', 'm', NULL, 5),
(16143, 'T', 'BELMONTET', 'Mathieu', NULL, '', NULL, '', '', '', 'mbelmontet@gmail.com', '', '', '', 'm', NULL, 5),
(16144, 'T', 'BONDUE', 'Maxime', NULL, '', NULL, '', '', '', 'maximebondue@neuf.fr', '', '', '', 'm', NULL, 5),
(16145, 'T', 'CHAROUK', 'Farida', NULL, '', NULL, '', '', '', 'farida.chakour@univ-lyon2.fr', '', '', '', 'f', NULL, 5),
(16146, 'T', 'CLERC', 'Arnaud', NULL, '', NULL, '', '', '', 'clerc.arn@gmail.com', '', '', '', 'm', NULL, 5),
(16147, 'T', 'COSTE', 'Jeremy', NULL, '', NULL, '', '', '', 'coste.jeremy@hotmail.fr', '', '', '', 'm', NULL, 5),
(16148, 'T', 'DE ALMEIDA', 'Amelie', NULL, '', NULL, '', '', '', 'amelie.dealmeida@gmail.com', '', '', '', 'f', NULL, 5),
(16149, 'T', 'DELAGREVERIE', 'Martin', NULL, '', NULL, '', '', '', 'martin.delagreverie@wanadoo.fr', '', '', '', 'm', NULL, 5),
(16150, 'T', 'DJITE', 'Talla', NULL, '', NULL, '', '', '', 'djitalla@yahoo.fr', '', '', '', 'm', NULL, 5),
(16151, 'T', 'DUPUY', 'Laure', NULL, '', NULL, '', '', '', 'laure.dupuy@univ-lyon2.fr', '', '', '', 'f', NULL, 5),
(16152, 'T', 'ELHACHIMY', 'Meryem', NULL, '', NULL, '', '', '', 'elhachimy@gmail.com', '', '', '', 'f', NULL, 5),
(16153, 'T', 'FAVIER', 'Martin', NULL, '', NULL, '', '', '', 'favier_martin@yahoo.fr', '', '', '', 'm', NULL, 5),
(16154, 'T', 'GOUEDARD', 'Antoine', NULL, '', NULL, '', '', '', 'antoine.gouedard@univ-lyon2.fr', '', '', '', 'm', NULL, 5),
(16155, 'T', 'HELYJOLY', 'Morgan', NULL, '', NULL, '', '', '', 'morgan-hely.joly@gmail.com', '', '', '', 'm', NULL, 5),
(16156, 'T', 'MAISONOBE', 'Frederic', NULL, '', NULL, '', '', '', 'fredericmaisonobe@hotmail.com', '', '', '', 'm', NULL, 5),
(16157, 'T', 'MESSAOUDEN', 'Djamel', NULL, '', NULL, '', '', '', 'Djamel.MESSAOUDEN@univ-lyon2.fr', '', '', '', 'm', NULL, 5),
(16158, 'T', 'MOURIER', 'Gaetan', NULL, '', NULL, '', '', '', 'gaetan.m@club-internet.fr', '', '', '', 'm', NULL, 5),
(16159, 'T', 'PERRIER-CORNET', 'Virginie', NULL, '', NULL, '', '', '', 'Virginie.PERRIER-CORNET@univ-lyon2.fr', '', '', '', 'f', NULL, 5),
(16160, 'T', 'RATTIN', 'Anne-Sophie', NULL, '', NULL, '', '', '', 'as.rattin@gmail.com', '', '', '', 'f', NULL, 5),
(16161, 'T', 'ROCHAS', 'Thibaut', NULL, '', NULL, '', '', '', 'thibaut.rochas@gmail.com', '', '', '', 'm', NULL, 5),
(16162, 'T', 'TOURE', 'Mamadou', NULL, '', NULL, '', '', '', 'toure.my@gmail.com', '', '', '', 'm', NULL, 5),
(16163, 'T', 'VERGNE', 'Celine', NULL, '', NULL, '', '', '', 'vergneceline@gmail.com', '', '', '', 'f', NULL, 5),
(16164, 'T', 'ZHANG', 'Libin', NULL, '', NULL, '', '', '', 'bekenbaue@gmail.com', '', '', '', 'm', NULL, 5),
(16165, 'T', 'BASTIEN', 'Sylvain', NULL, '', NULL, '', '', '', 'sylvain.bastien@gmail.com', '', '', '', 'm', NULL, 5),
(16166, 'T', 'CHAABANI', 'Salwa', NULL, '', NULL, '', '', '', 'salwa.chaabani@yahoo.fr', '', '', '', 'f', NULL, 5),
(16167, 'T', 'CHAFFRINGEON', 'Benoit', NULL, '', NULL, '', '', '', 'benoit.chaffringeon@gmail.com', '', '', '', 'm', NULL, 5),
(16168, 'T', 'CIALDELLA', 'Christophe', NULL, '', NULL, '', '', '', 'chriscial@numericable.fr', '', '', '', 'm', NULL, 5),
(16169, 'T', 'DISSOU', 'Mobladji', NULL, '', NULL, '', '', '', 'FAEROUZD@yahoo.fr', '', '', '', 'm', NULL, 5),
(16170, 'T', 'EGON', 'Guillaume', NULL, '', NULL, '', '', '', 'guillaume.egon@gmail.com', '', '', '', 'm', NULL, 5),
(16171, 'T', 'FAURE', 'Frederic', NULL, '', NULL, '', '', '', 'frederic.faure@adecco-groupe.fr', '', '', '', 'm', NULL, 5),
(16172, 'T', 'GUEBLI', 'Boubakre', NULL, '', NULL, '', '', '', 'bguebli@gmail.com', '', '', '', 'm', NULL, 5),
(16173, 'T', 'GUINARD', 'Sandrine', NULL, '', NULL, '', '', '', 'san_san.guinard@laposte.net', '', '', '', 'f', NULL, 5),
(16174, 'T', 'RECHE', 'Frederic', NULL, '', NULL, '', '', '', 'afsaa2003@yahoo.fr', '', '', '', 'm', NULL, 5),
(16175, 'T', 'HASSINE', 'Nada', NULL, '', NULL, '', '', '', 'nada_h2205@yahoo.fr', '', '', '', 'f', NULL, 5),
(16176, 'T', 'HILLAIRET', 'Romain', NULL, '', NULL, '', '', '', 'romain.hillairet@gmail.com', '', '', '', 'm', NULL, 5),
(16177, 'T', 'FERRAG', 'Samir', NULL, '', NULL, '', '', '', 'Samir.Ferrag@univ-lyon2.fr', '', '', '', 'm', NULL, 5),
(16178, 'T', 'RECHE-GARCIA', 'Frederic', NULL, '', NULL, '', '', '', 'fredericreche@hotmail.com', '', '', '', 'm', NULL, 5),
(16179, 'T', 'TAIBI', 'Amina', NULL, '', NULL, '', '', '', 'amina_taibi@yahoo.fr', '', '', '', 'f', NULL, 5),
(16180, 'T', 'AITTAYEB', 'Malik', NULL, '', NULL, '', '', '', 'malik.ait.tayeb@gmail.com', '', '', '', 'm', NULL, 5),
(16181, 'T', 'OULDSofiane', 'Mohamed', NULL, '', NULL, '', '', '', 'OULD.sofiane@gmail.com', '', '', '', 'm', NULL, 5),
(16182, 'T', 'SOUILMI', 'Zahra', NULL, '', NULL, '', '', '', 'z_souilmi@yahoo.fr', '', '', '', 'f', NULL, 5),
(16183, 'T', 'MERAHI', 'Saad', NULL, '', NULL, '', '', '', 'ouchba@yahoo.fr', '', '', '', 'm', NULL, 5),
(16184, 'T', 'CHABOUNI', 'Mustapha', NULL, '', NULL, '', '', '', 'mustapha.chabouni@arableasing-dz.com', '', '', '', 'm', NULL, 5),
(16185, 'T', 'AMMOUR', 'Mohammed', NULL, '', NULL, '', '', '', 'mohamedammour@yahoo.fr', '', '', '', 'm', NULL, 5),
(16186, 'T', 'BENSAADA', 'Abdelkader', NULL, '', NULL, '', '', '', 'kader_bensaada@yahoo.fr', '', '', '', 'm', NULL, 5),
(16187, 'T', 'CHERRAGI', 'Fouad', NULL, '', NULL, '', '', '06 43 19 39 51', 'cherragi@gmail.com', '', '', '', 'm', NULL, 5),
(16188, 'T', 'CHETAILLET', 'Corinne', NULL, '', NULL, '', '', '', 'c.chaillet@partner-formation.fr', '', '', '', 'f', NULL, 5),
(16189, 'T', 'DISSOU', 'Moboladji', NULL, '', NULL, '', '', '', 'Moboladji.Dissou@univ-lyon2.fr', '', '', '', 'm', NULL, 5),
(16190, 'T', 'DJEROUM', 'Djamel', NULL, '', NULL, '', '', '', 'lebecasse@hotmail.com', '', '', '', 'm', NULL, 5),
(16191, 'T', 'HAMDI', 'Saad-Eddine', NULL, '', NULL, '', '', '06 26 53 77 57', 'hamdi-saad@voila.fr', '', '', '', 'm', NULL, 5),
(16192, 'T', 'HOMAWOO', 'Kodjo', NULL, '', NULL, '', '', '', 'Kodzo.Homawoo@univ-lyon2.fr', '', '', '', 'm', NULL, 5),
(16193, 'T', 'KHELIFI', 'Doria', NULL, '', NULL, '', '', '', 'doria.khelifi@gmail.com', '', '', '', 'f', NULL, 5),
(16194, 'T', 'LAMECHE', 'Badra', NULL, '', NULL, '', '', '', 'b.lameche@gmail.com', '', '', '', 'f', NULL, 5),
(16195, 'T', 'MESSAOUDENE', 'Djamel', NULL, '', NULL, '', '', '', 'messaoudene.djamel@yahoo.fr', '', '', '', 'm', NULL, 5),
(16196, 'T', 'PINTAT', 'Raphael', NULL, '', NULL, '', '', '06 42 62 26 03', 'pint24d@yahoo.fr', '', '', '', 'm', NULL, 5),
(16197, 'T', 'REY', 'Jean Baptiste', NULL, '', NULL, '', '', '06 88 97 22 23', 'jeanbaptiste.rey@laposte.net', '', '', '', 'm', NULL, 5),
(16198, 'T', 'ROUCHOUSE-ZAGALA', 'Virginie', NULL, '', NULL, '', '', '', 'virginie.rouchouse@gmail.com', '', '', '', 'f', NULL, 5),
(16199, 'T', 'TEGUIA', 'Abderahmane', NULL, '', NULL, '', '', '', 'teguia.abdou@gmail.com', '', '', '', 'm', NULL, 5),
(16200, 'T', 'LASSEUR', 'Christine', NULL, '', NULL, '', '', '', '', '', '', '', 'f', NULL, 5),
(16201, 'T', 'ALLEK', 'Ramdane', NULL, '', NULL, '', '', '', '', '', '', '', 'm', NULL, 5),
(16202, 'T', 'BELAID', 'Mohamed', NULL, '', NULL, '', '', '', 'belaidmohamed@gmail.com', '', '', '', 'm', NULL, 5),
(16203, 'T', 'BENNAIMA', 'Ahmed', NULL, '', NULL, '', '', '', 'ahmedbennaima@yahoo.fr', '', '', '', 'm', NULL, 5),
(16204, 'T', 'DRIEF', 'Nour-eddine', NULL, '', NULL, '', '', '', 'DRIEFNEDDINE05@hotmail.com', '', '', '', 'm', NULL, 5),
(16205, 'T', 'GUERINIK', 'Zahira', NULL, '', NULL, '', '', '', 'guerinik_zahira@hotmail.com', '', '', '', 'f', NULL, 5),
(16206, 'T', 'HADDADJ', 'Lamia', NULL, '', NULL, '', '', '', 'lamia.haddadj@socgen.com', '', '', '', 'f', NULL, 5),
(16207, 'T', 'KHEMIS', 'Faycal', NULL, '', NULL, '', '', '', 'Khemis_faycal@hotmail.com', '', '', '', 'm', NULL, 5),
(16208, 'T', 'SADKI', 'Badis Djallel', NULL, '', NULL, '', '', '', 'sadkidjallel@gmail.com', '', '', '', 'm', NULL, 5),
(16209, 'T', 'BICHLER', 'Guillaume', NULL, '', NULL, '', '', '06 71 95 47 32', 'guibic@gmail.com', '', '', '', 'm', NULL, 5),
(16210, 'T', 'MUSY', 'Pierre', NULL, '', NULL, '', '', '', 'pierre.musy@mairie-lyon.fr ', '', '', '', 'm', NULL, 5),
(16211, 'T', 'ABOUSSALAM', 'Khakid', NULL, '', NULL, '', '', '', 'k.aboussalam@hotmail.com', '', '', '', 'm', NULL, 5),
(16212, 'T', 'ALAMI', 'Lamiae', NULL, '', NULL, '', '', '', 'alami.lamia@gmail.com', '', '', '', 'f', NULL, 5),
(16213, 'T', 'ALLOUCHE', 'Ygal', NULL, '', NULL, '', '', '', 'ygal_allouche@hotmail.fr', '', '', '', 'f', NULL, 5),
(16214, 'T', 'BARBOUCH', 'Nesrine', NULL, '', NULL, '', '', '', 'tanfous.nesrine@gmail.com', '', '', '', 'f', NULL, 5),
(16215, 'T', 'BECHAR', 'Zehira', NULL, '', NULL, '', '', '', 'zehira.bechar@univ-lyon2.fr', '', '', '', 'f', NULL, 5),
(16216, 'T', 'BERNIGAUD', 'Remy', NULL, '', NULL, '', '', '', 'berni.bernigaud@laposte.net', '', '', '', 'm', NULL, 5),
(16217, 'T', 'BOULAAMAYL', 'Soufiane', NULL, '', NULL, '', '', '', 'soufiane.boulaamayl@gmail.com', '', '', '', 'm', NULL, 5),
(16218, 'T', 'BRIVE', 'sandrine', NULL, '', NULL, '', '', '', 'sbrive@hotmail.fr', '', '', '', 'f', NULL, 5),
(16219, 'T', 'CHOUAIKHIA', 'Imen', NULL, '', NULL, '', '', '', 'i.chouaikhia@yahoo.fr', '', '', '', 'f', NULL, 5),
(16220, 'T', 'COSTE', 'Benjamin', NULL, '', NULL, '', '', '', 'benjamin.coste@live.fr', '', '', '', 'm', NULL, 5),
(16221, 'T', 'DJATIOSIGNIN', 'Christian', NULL, '', NULL, '', '', '', 'christian.djatio@gmail.com', '', '', '', 'm', NULL, 5),
(16222, 'T', 'DOUKKALI', 'Tarek Amine', NULL, '', NULL, '', '', '', 't.doukkali@gmail.com', '', '', '', 'm', NULL, 5),
(16223, 'T', 'FAVRE', 'Terry', NULL, '', NULL, '', '', '', 'terry.favre@live.fr', '', '', '', 'm', NULL, 5),
(16224, 'T', 'GNANSOUNOU', 'Segbedji', NULL, '', NULL, '', '', '', 'jeanchristophee@hotmail.com', '', '', '', 'm', NULL, 5),
(16225, 'T', 'HAMMAMALIKI', 'Mamadou', NULL, '', NULL, '', '', '', 'hamamaliki@yahoo.fr', '', '', '', 'm', NULL, 5),
(16226, 'T', 'JAVELOT', 'Marine', NULL, '', NULL, '', '', '', 'marine.javelot@univ-lyon2.fr', '', '', '', 'f', NULL, 5),
(16227, 'T', 'KADA-CHIKH', 'Hamza', NULL, '', NULL, '', '', '', 'hamza.kada-chikh@hotmail.fr', '', '', '', 'm', NULL, 5),
(16228, 'T', 'KANE', 'Mohamed-Amine', NULL, '', NULL, '', '', '', 'mohamed.kane@univ-lyon2.fr', '', '', '', 'm', NULL, 5),
(16229, 'T', 'KEITA', 'Sockona', NULL, '', NULL, '', '', '', 'sockona1@yahoo.fr', '', '', '', 'f', NULL, 5),
(16230, 'T', 'OUSSEINI HASSANE', 'Moudjibou', NULL, '', NULL, '', '', '', 'ousseini_moudjibou@yahoo.fr', '', '', '', 'm', NULL, 5),
(16231, 'T', 'PERRIN', 'Maud', NULL, '', NULL, '', '', '', 'maud.perrin@univ-lyon2.fr', '', '', '', 'f', NULL, 5),
(16232, 'T', 'REGLIONI', 'Pierrick', NULL, '', NULL, '', '', '', 'pierrick.reglioni@gmail.com', '', '', '', 'm', NULL, 5),
(16233, 'T', 'ROUSSET', 'Arnaud', NULL, '', NULL, '', '', '', 'arnaud.rousset1@gmail.com', '', '', '', 'm', NULL, 5),
(16234, 'T', 'TAO', 'Minfang', NULL, '', NULL, '', '', '', 'mfang.tao@gmail.com', '', '', '', 'm', NULL, 5),
(16235, 'T', 'THERY', 'Anaelle', NULL, '', NULL, '', '', '', 'thery.a@gmail.com', '', '', '', 'f', NULL, 5),
(16236, 'T', 'YANG', 'Li', NULL, '', NULL, '', '', '', 'yangli1107@hotmail.com', '', '', '', 'f', NULL, 5),
(16237, 'T', 'PRAUD epouse', 'Nathalie', NULL, '', NULL, '', '', '', 'nath.lepy@free.fr', '', '', '', 'f', NULL, 5),
(16238, 'T', 'ATTMANE ELAKEB', 'Mohamed', NULL, '', NULL, '', '', '', 'athmane.elakeb@gamail;com@', '', '', '', 'm', NULL, 5),
(16239, 'T', 'DESAN', 'Jean-Philippe', NULL, '', NULL, '', '', '', 'jphdsn@gmail.com', '', '', '', 'm', NULL, 5),
(16240, 'T', 'FAFI', 'Noureddine', NULL, '', NULL, '', '', '', 'fafi.nour@yahoo.fr', '', '', '', 'm', NULL, 5),
(16241, 'T', 'SELMANE', 'Sid Ali', NULL, '', NULL, '', '', '', 'sidali_ss@hotmail.com', '', '', '', 'm', NULL, 5),
(16242, 'T', 'KOLIKA', 'Lucien', NULL, '', NULL, '', '', '', 'ley_kolika@yahoo.fr', '', '', '', 'm', NULL, 5),
(16243, 'T', 'FOREL', 'Olivier', NULL, '', NULL, '', '', '06 74 68 97 52', 'oforel@gmail.com', '', '', '', 'm', NULL, 5),
(16244, 'T', 'TADJANI', 'Mouhsine', NULL, '', NULL, '', '', '', 'mtadjani@live.fr', '', '', '', 'm', NULL, 5),
(16245, 'T', 'CHELLOUAI', 'Abdelhey', NULL, '', NULL, '', '', '06 01 20 91 05', 'chelouaiabdelhey@yahoo.fr', '', '', '', 'm', NULL, 5),
(16246, 'T', 'REFFAS-HADID', 'Dalila', NULL, '', NULL, '', '', '06 48 89 34 50', 'hadiddalila@gmail.com', '', '', '', 'f', NULL, 5),
(16247, 'T', 'SAIDI', 'Kenza', NULL, '', NULL, '', '', '06 40 90 18 26', 'saidikenza75@yahoo.fr', '', '', '', 'f', NULL, 5),
(16248, 'T', 'LAOUADI', 'Mohamed', NULL, '', NULL, '', '', '', 'laouadidz@hotmail.com', '', '', '', 'm', NULL, 5),
(16249, 'T', 'RAOURAOUA', 'Widad', NULL, '', NULL, '', '', '06 89 62 16 91', 'rw_mailbox@yahoo.fr', '', '', '', 'f', NULL, 5),
(16250, 'T', 'AICHOUR', 'Meriem', NULL, '', NULL, '', '', '06 40 90 18 31', 'nanouchka802@yahoo.fr', '', '', '', 'f', NULL, 5),
(16251, 'T', 'KADDOUR', 'Assia', NULL, '', NULL, '', '', '06 40 90 18 46', 'assialive@yahoo.fr', '', '', '', 'f', NULL, 5),
(16252, 'T', 'SADKI', 'Nacim', NULL, '', NULL, '', '', '', 'nacim.sadki@gmail.com', '', '', '', 'm', NULL, 5),
(16253, 'T', 'ADAATANGANA', 'Roger  Yannick', NULL, '', NULL, '', '', '06 46 14 79 38', 'adayannick@yahoo.fr', '', '', '', 'm', NULL, 5),
(16254, 'T', 'BRUNA', 'Mickael', NULL, '', NULL, '', '', '06 86 38 37 15', 'bruna.mickael@gmail.com', '', '', '', 'm', NULL, 5),
(16255, 'T', 'ABTROUN', 'Abdenour', NULL, '', NULL, '', '', '', 'a.abtroun@gmail.com', '', '', '', 'm', NULL, 5),
(16256, 'T', 'ARRES', 'Billal Khaled', NULL, '', NULL, '', '', '', 'bilco31@hotmail.fr', '', '', '', 'm', NULL, 5),
(16257, 'T', 'ASSANDE', 'Koua', NULL, '', NULL, '', '', '', 'Koua.assande@univ-lyon2.fr', '', '', '', 'f', NULL, 5),
(16258, 'T', 'AZZAOUI', 'Wahid', NULL, '', NULL, '', '', '', 'azzaoui.wahid@hotmail.fr', '', '', '', 'm', NULL, 5),
(16259, 'T', 'BOUABDELLAH', 'Sofiane', NULL, '', NULL, '', '', '', 'sofiane.bouabdellah@gmail.com', '', '', '', 'm', NULL, 5),
(16260, 'T', 'BOUCHET', 'Anne-Laure', NULL, '', NULL, '', '', '', 'anne-laure.bouchet@univ-lyon2.fr', '', '', '', 'f', NULL, 5),
(16261, 'T', 'DEHDOUH', 'Khaled', NULL, '', NULL, '', '', '', 'khaled.dehdouh@gmail.com', '', '', '', 'm', NULL, 5),
(16262, 'T', 'DOMPMARTIN', 'Cecile', NULL, '', NULL, '', '', '', 'Cecile.Dompmartin@univ-lyon2.fr', '', '', '', 'f', NULL, 5),
(16263, 'T', 'DOUKKALI', 'Tarek', NULL, '', NULL, '', '', '', 't.doukkali@gmail.com', '', '', '', 'm', NULL, 5),
(16264, 'T', 'ELFADEL', 'Fouad', NULL, '', NULL, '', '', '', 'elfadel_fouad@hotmail.fr', '', '', '', 'm', NULL, 5),
(16265, 'T', 'FRANCO ROJAS', 'John', NULL, '', NULL, '', '', '', 'johnfranco2208@gmail.com', '', '', '', 'm', NULL, 5),
(16266, 'T', 'GAFSI', 'Eric', NULL, '', NULL, '', '', '', 'ericgafsi@hotmail.fr', '', '', '', 'm', NULL, 5),
(16267, 'T', 'HANNACHI', 'Mabrouk', NULL, '', NULL, '', '', '', 'hannachi.mabrouk@yahoo.fr', '', '', '', 'm', NULL, 5),
(16268, 'T', 'HO', 'Ly', NULL, '', NULL, '', '', '', 'ly.ho@hotmail.fr', '', '', '', 'm', NULL, 5),
(16269, 'T', 'KONTe', 'Abou Daouda', NULL, '', NULL, '', '', '', 'abou-daouda.konte@univ-lyon2.fr', '', '', '', 'm', NULL, 5),
(16270, 'T', 'KOURDAN', 'Kawthar', NULL, '', NULL, '', '', '', '', '', '', '', 'f', NULL, 5),
(16271, 'T', 'LAHLOU', 'El Medhi', NULL, '', NULL, '', '', '', 'elmehdilahlou@gmail.com', '', '', '', 'm', NULL, 5),
(16272, 'T', 'LAPORTE-RIOU', 'Elodie', NULL, '', NULL, '', '', '', 'elo6433@hotmail.com', '', '', '', 'f', NULL, 5),
(16273, 'T', 'MAURIS-DEMOURIOUX', 'Fabien', NULL, '', NULL, '', '', '', 'Fabien.Mauris-Demourioux@univ-lyon2.fr', '', '', '', 'm', NULL, 5),
(16274, 'T', 'MECHBAL', 'Souhail', NULL, '', NULL, '', '', '', 'smechbal@mail.univ-lyon2.fr', '', '', '', 'm', NULL, 5),
(16275, 'T', 'NAZIH', 'Hoda', NULL, '', NULL, '', '', '', '', '', '', '', 'f', NULL, 5),
(16276, 'T', 'NGUEMANSO', 'Chandris', NULL, '', NULL, '', '', '', 'nchandris@hotmail.com', '', '', '', 'm', NULL, 5),
(16277, 'T', 'RATSIMBAZAFY', 'Rado', NULL, '', NULL, '', '', '', 'rado.ratsimbazafy@gmail.com', '', '', '', 'm', NULL, 5),
(16278, 'T', 'ROMANO', 'Ludovic', NULL, '', NULL, '', '', '', 'Ludovic.Romano@univ-lyon2.fr', '', '', '', 'm', NULL, 5),
(16279, 'T', 'SAID', 'Mohamed', NULL, '', NULL, '', '', '', 'mohsa@live.fr', '', '', '', 'm', NULL, 5),
(16280, 'T', 'SERRAYE', 'Mohamed', NULL, '', NULL, '', '', '', 'serraye.mohamed@voila.fr', '', '', '', 'm', NULL, 5),
(16281, 'T', 'UROQOV', 'Samadjon', NULL, '', NULL, '', '', '', 'samadjon@yahoo.fr', '', '', '', 'm', NULL, 5),
(16282, 'T', 'AICHOUR', 'Rabah', NULL, '', NULL, '', '', '', 'aichour_rabah@live.fr', '', '', '', 'm', NULL, 5),
(16283, 'T', 'BARBALAT', 'Laure', NULL, '', NULL, '', '', '', 'b_laure@yahoo.com', '', '', '', 'f', NULL, 5),
(16284, 'T', 'BELGACEM', 'Malika', NULL, '', NULL, '', '', '', 'belgacemalika@yahoo.fr', '', '', '', 'f', NULL, 5),
(16285, 'T', 'DRAME', 'Insa', NULL, '', NULL, '', '', '', 'insadrame007@hotmail.com', '', '', '', 'f', NULL, 5),
(16286, 'T', 'DUBOURVIEUX', 'Vincent', NULL, '', NULL, '', '', '', 'dubourvieux.vincent@laposte.net', '', '', '', 'm', NULL, 5),
(16287, 'T', 'HAILANI', 'Faizal ', NULL, '', NULL, '', '', '', 'faizal_1@hotmail.fr', '', '', '', 'f', NULL, 5),
(16288, 'T', 'HELLY', 'Damien', NULL, '', NULL, '', '', '', 'damien.helly@free.fr', '', '', '', 'm', NULL, 5),
(16289, 'T', 'KANNOU', 'Nizar', NULL, '', NULL, '', '', '', 'kannounizar@yahoo.fr', '', '', '', 'm', NULL, 5),
(16290, 'T', 'LAKEHAL', 'Kamel', NULL, '', NULL, '', '', '', 'lakehal.kam@gmail.com', '', '', '', 'm', NULL, 5),
(16291, 'T', 'SEVOS', 'Stephane', NULL, '', NULL, '', '', '', 'stephane.sevos@dbmail.com', '', '', '', 'm', NULL, 5),
(16292, 'T', 'KRAMO', 'Koffi Alain Patrice', NULL, '', NULL, '', '', '', 'koffialainpatricE.KRAMO@SUPINFO.com', '', '', '', 'm', NULL, 5),
(16293, 'T', 'ATHMANE EL', 'Mohamed', NULL, '', NULL, '', '', '', 'athmane.elakeb@gmail.com', '', '', '', 'm', NULL, 5),
(16294, 'T', 'MEFTAH', 'Guelmine', NULL, '', NULL, '', '', '', 'guelmine_meftah@yahoo.fr', '', '', '', 'f', NULL, 5);
INSERT INTO `utilisateur` (`NumUtilisateur`, `TypeUtilisateur`, `NomUtilisateur`, `PrenomUtilisateur`, `DateNaissanceUtilisateur`, `AdrRueUtilisateur`, `AdrCPUtilisateur`, `AdrVilleUtilisateur`, `AdrPaysUtilisateur`, `telUtilisateur`, `EmailUtilisateur`, `LoginUtilisateur`, `PassUtilisateur`, `photoUtilisateur`, `sexeUtilisateur`, `nationaliteUtilisateur`, `idRole`) VALUES
(16295, 'T', 'BEGGAS', 'Fairouz', NULL, '', NULL, '', '', '', 'beg-fairouz@hotmail.fr', '', '', '', 'f', NULL, 5),
(16296, 'T', 'BERRABAH', 'Sid Ahmed', NULL, '', NULL, '', '', '', 'sidahmedbenrabah@gmail.com', '', '', '', 'm', NULL, 5),
(16297, 'T', 'BOUSLAH', 'Ahmed', NULL, '', NULL, '', '', '', 'a.bouslah@yahoo.fr', '', '', '', 'm', NULL, 5),
(16298, 'T', 'JACQUINOT', 'Daniele', NULL, '', NULL, '', '', '', 'daniele.jacquinot@steria.com', '', '', '', 'f', NULL, 5),
(16299, 'T', 'LABED', 'Abdelghani', NULL, '', NULL, '', '', '', 'labedabdelghani@yahoo.fr', '', '', '', 'm', NULL, 5),
(16300, 'T', 'NASRALLAH', 'Abdelkader', NULL, '', NULL, '', '', '', 'nasrallah.kader@yahoo.com', '', '', '', 'm', NULL, 5),
(16301, 'T', 'BOURAK', 'Faiza', NULL, '', NULL, '', '', '', 'lakehal.faiza@gmail.com', '', '', '', 'f', NULL, 5),
(16302, 'T', 'IVANOV', 'Emil', NULL, '', NULL, '', '', '', 'ivanov-emo@hotmail.com', '', '', '', 'm', NULL, 5),
(16303, 'T', 'BELRHADI-SAID', 'Amina', NULL, '', NULL, '', '', '', 'a.taziae@hotmail.fr', '', '', '', 'f', NULL, 5),
(16304, 'T', 'CISSE', 'Seydouba', NULL, '', NULL, '', '', '', 'cissehams@yahoo.fr', '', '', '', 'f', NULL, 5),
(16305, 'T', 'PLATOSHYN', 'Viktor', NULL, '', NULL, '', '', '', 'viktor.platoshyn@gmail.com', '', '', '', 'm', NULL, 5),
(16306, 'T', 'TOMELEU TCHOUOP', 'Ruth Karine', NULL, '', NULL, '', '', '', 'rtomeleu@gmail.com', '', '', '', 'f', NULL, 5),
(16307, 'T', 'KOUROTCHKA', 'Marina', NULL, '', NULL, '', '', '', 'kourforma@gmail.com', '', '', '', 'f', NULL, 5),
(16308, 'T', 'IDRISSOU-TRAORE', 'Khaled', NULL, '', NULL, '', '', '', 'khaled.idrissou@yahoo.fr', '', '', '', 'm', NULL, 5),
(16309, 'T', 'NGOBAMI MOLINGO', 'Noel-Steve', NULL, '', NULL, '', '', '', 'steve-ngobami879@hotmail.com', '', '', '', 'm', NULL, 5),
(16310, 'T', 'KANE', 'Samba', NULL, '', NULL, '', '', '', 'sa.kane@yahoo.fr', '', '', '', 'm', NULL, 5),
(16311, 'T', 'BELHADJ', 'WALID', NULL, '', NULL, '', '', '', 'belwalid2006@yahoo.fr', '', '', '', 'm', NULL, 5),
(16312, 'T', 'DIAGANA', 'Dahaba', NULL, '', NULL, '', '', '', 'dahabadjibril88@yahoo.fr', '', '', '', 'm', NULL, 5),
(16313, 'T', 'BENERBAIHA', 'MOHAMMED OMAR', NULL, '', NULL, '', '', '', 'benerbaiha_med_omar@yahoo.fr', '', '', '', 'm', NULL, 5),
(16314, 'T', 'ALBEIRISS', 'Med Amin', NULL, '', NULL, '', '', '', 'aiman.fr.st@gmail.com', '', '', '', 'm', NULL, 5),
(16315, 'T', 'AGROIA', 'HARMEET', NULL, '', NULL, '', '', '', '', '', '', '', 'm', NULL, 5),
(16316, 'T', 'BABOU', 'ASSIATI', NULL, '', NULL, '', '', '', '', '', '', '', 'f', NULL, 5),
(16317, 'T', 'BENDJERAD', 'MOHAMED', NULL, '', NULL, '', '', '', '', '', '', '', 'm', NULL, 5),
(16318, 'T', 'BENFTIMA', 'Karim', NULL, '', NULL, '', '', '', '', '', '', '', 'm', NULL, 5),
(16319, 'T', 'BETBEUI KWANDJEU', 'AURELIEN', NULL, '', NULL, '', '', '', '', '', '', '', 'm', NULL, 5),
(16320, 'T', 'BIGAUD', 'LAETITIA', NULL, '', NULL, '', '', '', '', '', '', '', 'f', NULL, 5),
(16321, 'T', 'BOUHADDA', 'NASSIMA', NULL, '', NULL, '', '', '', '', '', '', '', 'f', NULL, 5),
(16322, 'T', 'BOULANGER', 'MATHILDA', NULL, '', NULL, '', '', '', '', '', '', '', 'f', NULL, 5),
(16323, 'T', 'CHERGUI', 'Salim', NULL, '', NULL, '', '', '', '', '', '', '', 'm', NULL, 5),
(16324, 'T', 'DERRADJ', 'LAID', NULL, '', NULL, '', '', '', 'derradj.laid@yahoo.fr', '', '', '', 'm', NULL, 5),
(16325, 'T', 'DIAGNE', 'ABDELLAHI MBAYE', NULL, '', NULL, '', '', '', 'mbawabdi2@hotmail.com', '', '', '', 'm', NULL, 5),
(16326, 'T', 'DJIMADJA', 'COMLAN', NULL, '', NULL, '', '', '', '', '', '', '', 'm', NULL, 5),
(16327, 'T', 'GERBOLINO', 'FLORENT', NULL, '', NULL, '', '', '', '', '', '', '', 'm', NULL, 5),
(16328, 'T', 'GHISLERI', 'LAURY', NULL, '', NULL, '', '', '', '', '', '', '', 'f', NULL, 5),
(16329, 'T', 'GIRAUD', 'MICKAEL', NULL, '', NULL, '', '', '', '', '', '', '', 'm', NULL, 5),
(16330, 'T', 'KADRI', 'AHLAM', NULL, '', NULL, '', '', '', '', '', '', '', 'f', NULL, 5),
(16331, 'T', 'KHEDDACHE', 'ACHOUR', NULL, '', NULL, '', '', '', '', '', '', '', 'm', NULL, 5),
(16332, 'T', 'LEVEL', 'THIBAUT', NULL, '', NULL, '', '', '', '', '', '', '', 'm', NULL, 5),
(16333, 'T', 'LIANG', 'WEI', NULL, '', NULL, '', '', '', '', '', '', '', 'f', NULL, 5),
(16334, 'T', 'MAAMAR', 'ARWA', NULL, '', NULL, '', '', '', '', '', '', '', 'f', NULL, 5),
(16335, 'T', 'MARECHAL', 'CeLINE', NULL, '', NULL, '', '', '', '', '', '', '', 'f', NULL, 5),
(16336, 'T', 'MILOUDI', 'Benyoucef', NULL, '', NULL, '', '', '', 'benyoucef.miloudi@yahoo.fr', '', '', '', 'm', NULL, 5),
(16337, 'T', 'NICOLAS', 'FLORIAN', NULL, '', NULL, '', '', '', '', '', '', '', 'm', NULL, 5),
(16338, 'T', 'OUZZINE', 'HOUSSAME', NULL, '', NULL, '', '', '', '', '', '', '', 'm', NULL, 5),
(16339, 'T', 'SENDEN', 'LOUIS', NULL, '', NULL, '', '', '', '', '', '', '', 'm', NULL, 5),
(16340, 'T', 'ZINE', 'Mohamed', NULL, '', NULL, '', '', '', 'zinemohamed413@yahoo.fr', '', '', '', 'm', NULL, 5),
(16341, 'T', 'ELHOR', 'Ousama', NULL, '', NULL, '', '', '', 'elhor.ousama@gmail.com', '', '', '', 'm', NULL, 5),
(16342, 'T', 'POULARD', 'Franck', NULL, '', NULL, '', '', '', 'franck.poulard@gmail.com', '', '', '', 'm', NULL, 5),
(16343, 'T', 'SOUNDARA PANDIAN', 'Pratap Jayakaran', NULL, '', NULL, '', '', '', '', '', '', '', 'm', NULL, 5),
(16344, 'T', 'RAKOTOARISOA', 'RABOANARY', NULL, '', NULL, '', '', '', '', '', '', '', 'm', NULL, 5),
(16345, 'T', 'SMIRI', 'Salaheddine', NULL, '', NULL, '', '', '', '', '', '', '', 'm', NULL, 5),
(16346, 'T', 'MYKHAILYK', 'Oleksandr', NULL, '', NULL, '', '', '', 'alex.mikhaylik@gmail.com', '', '', '', 'm', NULL, 5),
(16347, 'T', 'CHERKI', 'Imene', NULL, '', NULL, '', '', '', '', '', '', '', 'f', NULL, 5),
(16348, 'T', 'HAJADI', 'JABRANE', NULL, '', NULL, '', '', '', '', '', '', '', 'm', NULL, 5),
(16349, 'T', 'YACOUBI', 'SOUFIYAN', NULL, '', NULL, '', '', '', '', '', '', '', 'm', NULL, 5),
(16350, 'T', 'Abogourin', 'Ziyane-Karell', NULL, '', NULL, '', '', '', 'ziyanekarell@yahoo.fr', '', '', '', 'm', NULL, 5),
(16351, 'T', 'Aissa', 'Sofia', NULL, '', NULL, '', '', '', 'so_ais@hotmail.com', '', '', '', 'f', NULL, 5),
(16352, 'T', 'Basset', 'Pernelle', NULL, '', NULL, '', '', '', 'pernelle.basset@univ-lyon2.fr', '', '', '', 'f', NULL, 5),
(16353, 'T', 'Becat', 'Paul', NULL, '', NULL, '', '', '', 'paul.becat@gmail.com', '', '', '', 'm', NULL, 5),
(16354, 'T', 'Boglione', 'Eddy', NULL, '', NULL, '', '', '', 'eddy.boglione@laposte.net', '', '', '', 'm', NULL, 5),
(16355, 'T', 'Boussahoua', 'Mohamed', NULL, '', NULL, '', '', '', 'boussahouamohamed2014@gmail.com', '', '', '', 'm', NULL, 5),
(16356, 'T', 'Boutouil', 'Mohamed', NULL, '', NULL, '', '', '', 'bmoh21dz@yahoo.fr', '', '', '', 'm', NULL, 5),
(16357, 'T', 'El Ghazi-Lievre', 'Mehdi-Julien', NULL, '', NULL, '', '', '', 'melghazil@gmail.com', '', '', '', 'm', NULL, 5),
(16358, 'T', 'ElKhamri', 'Sahar', NULL, '', NULL, '', '', '', 'saharelkhamri2@gmail.com', '', '', '', 'm', NULL, 5),
(16359, 'T', 'Fedit', 'Benoit', NULL, '', NULL, '', '', '', 'fedit.benoit@gmail.com', '', '', '', 'm', NULL, 5),
(16360, 'T', 'HESSAS', 'Med Lamine', NULL, '', NULL, '', '', '', 'hessasmedlamine@yahoo.fr', '', '', '', 'm', NULL, 5),
(16361, 'T', 'Jatlaoui', 'Heitem', NULL, '', NULL, '', '', '', 'j.heitem@gmail.com', '', '', '', 'm', NULL, 5),
(16362, 'T', 'LABHIH', 'Mehdi', NULL, '', NULL, '', '', '', 'l.mehdi7@gmail.com', '', '', '', 'm', NULL, 5),
(16363, 'T', 'Lachamp', 'Geoffrey', NULL, '', NULL, '', '', '', 'geoffrey.lachamp@gmail.com', '', '', '', 'm', NULL, 5),
(16364, 'T', 'Lahlou', 'Mohamed', NULL, '', NULL, '', '', '', 'taharlahlou@hotmail.com', '', '', '', 'm', NULL, 5),
(16365, 'T', 'Louza', 'Younes', NULL, '', NULL, '', '', '', 'youness.louza@gmail.com', '', '', '', 'm', NULL, 5),
(16366, 'T', 'Michel', 'Myrtile ', NULL, '', NULL, '', '', '', 'mytille.michel@gmail.com', '', '', '', 'f', NULL, 5),
(16367, 'T', 'Nguyen', 'Thi My Linh', NULL, '', NULL, '', '', '', 'linh.nguyen@outlook.fr', '', '', '', 'f', NULL, 5),
(16368, 'T', 'Ravat', 'Maxime', NULL, '', NULL, '', '', '', 'maxime.ravat@bbox.fr', '', '', '', 'm', NULL, 5),
(16369, 'T', 'Roque', 'Lucas', NULL, '', NULL, '', '', '', 'lukasrokes@hotmail.fr', '', '', '', 'm', NULL, 5),
(16370, 'T', 'Roux-Fontaine', 'Justine', NULL, '', NULL, '', '', '', 'justine_rf@hotmail.fr', '', '', '', 'f', NULL, 5),
(16371, 'T', 'Senani', 'Zoher', NULL, '', NULL, '', '', '', 'zoheir21@gmail.com', '', '', '', 'm', NULL, 5),
(16372, 'T', 'Serna', 'Carlos Andres', NULL, '', NULL, '', '', '', 'carlosandres0404@gmail.com', '', '', '', 'm', NULL, 5),
(16373, 'T', 'Sheykh Bahaei', 'Nasim', NULL, '', NULL, '', '', '', 'nasim.she@gmail.com', '', '', '', 'm', NULL, 5),
(16374, 'T', 'Vorreiter', 'Vincent', NULL, '', NULL, '', '', '', 'vincent.vorreiter@gmail.com', '', '', '', 'm', NULL, 5),
(16375, 'T', 'Zhang', 'Meng', NULL, '', NULL, '', '', '', 'diane_zhangm@yahoo.fr', '', '', '', 'm', NULL, 5),
(16376, 'T', 'Asroun', 'Sofiane', NULL, '', NULL, '', '', '', 'asroun@netc.fr', '', '', '', 'm', NULL, 5),
(16377, 'T', 'Ferjaoui', 'Karima', NULL, '', NULL, '', '', '', 'Karima.liza@yahoo.fr', '', '', '', 'f', NULL, 5),
(16378, 'T', 'AICHOUR', 'Amirouche', NULL, '', NULL, '', '', '', 'aichour_amirouche@hotmail.fr', '', '', '', 'f', NULL, 5),
(16379, 'T', 'AMMAR', 'Marzouk', NULL, '', NULL, '', '', '', 'marzoukammar@gmail.com', '', '', '', 'm', NULL, 5),
(16380, 'T', 'ANDRIANASOLO', 'Hajatiana', NULL, '', NULL, '', '', '', 'hajax@blueline.mg', '', '', '', 'f', NULL, 5),
(16381, 'T', 'BENABDERRAHMANE', 'Nasserdine', NULL, '', NULL, '', '', '', 'nba69h@yahoo.fr', '', '', '', 'm', NULL, 5),
(16382, 'T', 'BOUMZOUGH', 'Mohamed Amine ', NULL, '', NULL, '', '', '', 'boumzough.amine@gmail.com', '', '', '', 'm', NULL, 5),
(16383, 'T', 'BOUNIF', 'Toufik', NULL, '', NULL, '', '', '', 'toufik.bounif@gmail.com', '', '', '', 'm', NULL, 5),
(16384, 'T', 'KEBAILI', 'Youcef', NULL, '', NULL, '', '', '', 'ykebaili@yahoo.fr', '', '', '', 'm', NULL, 5),
(16385, 'T', 'MACHTALAY', 'Marouane', NULL, '', NULL, '', '', '', 'marouane.machtalay@gmail.com', '', '', '', 'm', NULL, 5),
(16386, 'T', 'RAHIL', 'Mehdi', NULL, '', NULL, '', '', '', 'Mehdi.Rahil@univ-lyon2.fr', '', '', '', 'm', NULL, 5),
(16387, 'T', 'SOUVIGNET', 'Mario', NULL, '', NULL, '', '', '', 'mario.souvignet@gmail.com', '', '', '', 'm', NULL, 5),
(16388, 'T', 'SYLLA', 'Mohamed', NULL, '', NULL, '', '', '', 'medsyllagn@gamil.com', '', '', '', 'm', NULL, 5),
(16389, 'T', 'THOMAS-BILLOT', 'Noemie', NULL, '', NULL, '', '', '', 'gregory.tavan@gmail.com', '', '', '', 'f', NULL, 5),
(16390, 'T', 'TAVAN', 'Gregory', NULL, '', NULL, '', '', '', 'gregory.tavan@gmail.com', '', '', '', 'm', NULL, 5),
(16391, 'T', 'BOUMGHAR', 'Lyes', NULL, '', NULL, '', '', '', 'lyes.boumghar@gmail.com', '', '', '', 'm', NULL, 5),
(16392, 'T', 'ATAYAN', 'KONSTANTIN', NULL, '', NULL, '', '', '', '', '', '', '', 'm', NULL, 5),
(16393, 'T', 'BACCOUCHI', 'RAMI', NULL, '', NULL, '', '', '', '', '', '', '', 'm', NULL, 5),
(16394, 'T', 'BENHASSINE', 'ADEL', NULL, '', NULL, '', '', '', '', '', '', '', 'm', NULL, 5),
(16395, 'T', 'BENBASSOU', 'IDRISS', NULL, '', NULL, '', '', '', '', '', '', '', 'm', NULL, 5),
(16396, 'T', 'BOUZIANE OUARITINI', 'ABDELHAKIM', NULL, '', NULL, '', '', '', '', '', '', '', 'm', NULL, 5),
(16397, 'T', 'CLAIN ', 'THOMAS', NULL, '', NULL, '', '', '', '', '', '', '', 'm', NULL, 5),
(16398, 'T', 'DIALLO ', 'IBRAHIMA', NULL, '', NULL, '', '', '', '', '', '', '', 'm', NULL, 5),
(16399, 'T', 'EL BASRI', 'INTISSAR', NULL, '', NULL, '', '', '', '', '', '', '', 'm', NULL, 5),
(16400, 'T', 'EL BASRI', 'DALAL', NULL, '', NULL, '', '', '', '', '', '', '', 'm', NULL, 5),
(16401, 'T', 'FATA', 'ANAS', NULL, '', NULL, '', '', '', '', '', '', '', 'm', NULL, 5),
(16402, 'T', 'HU', 'ZHEHUA', NULL, '', NULL, '', '', '', '', '', '', '', 'm', NULL, 5),
(16403, 'T', 'KETTOUCHE', 'MOHYI EDDINE', NULL, '', NULL, '', '', '', '', '', '', '', 'm', NULL, 5),
(16404, 'T', 'KIM', 'CHETNARETH', NULL, '', NULL, '', '', '', '', '', '', '', 'f', NULL, 5),
(16405, 'T', 'LE', 'TUAN ANH', NULL, '', NULL, '', '', '', '', '', '', '', 'm', NULL, 5),
(16406, 'T', 'LOUIS', 'JONATHAN', NULL, '', NULL, '', '', '', '', '', '', '', 'm', NULL, 5),
(16407, 'T', 'PROSIANYK', 'MYKHAILO', NULL, '', NULL, '', '', '', '', '', '', '', 'm', NULL, 5),
(16408, 'T', 'SKOURI', 'HOUSSAM', NULL, '', NULL, '', '', '', '', '', '', '', 'm', NULL, 5),
(16409, 'T', 'TANOUTI', 'JAOUAD', NULL, '', NULL, '', '', '', '', '', '', '', 'm', NULL, 5),
(16410, 'T', 'TRAN', 'JOHNNY', NULL, '', NULL, '', '', '', '', '', '', '', 'm', NULL, 5),
(16411, 'T', 'YAHYAOUI', 'JASSEM', NULL, '', NULL, '', '', '', '', '', '', '', 'm', NULL, 5),
(16412, 'T', 'RAMDANI', 'YASSINE', NULL, '', NULL, '', '', '', '', '', '', '', 'm', NULL, 5),
(16413, 'T', 'CARLI', 'KEVIN', NULL, '', NULL, '', '', '', '', '', '', '', 'm', NULL, 5),
(16414, 'T', 'ZANE', 'FATEH', NULL, '', NULL, '', '', '', '', '', '', '', 'm', NULL, 5),
(16415, 'T', 'ALOUI ', 'Karim', NULL, '', NULL, '', '', '216 23 63 82 42', 'karim.3aloui@gmail.com', '', '', '', 'm', NULL, 5),
(16416, 'T', 'BENAHMED ', 'Rafik', NULL, '', NULL, '', '', '06 59 86 20 54', 'rafik.benahmed@outlook.fr', '', '', '', 'm', NULL, 5),
(16417, 'T', 'BERBACHE ', 'Ahcene', NULL, '', NULL, '', '', '06 95 52 78 65', 'ahcene.berbache@yahoo.fr', '', '', '', 'm', NULL, 5),
(16418, 'T', 'DARFEUILLE', 'Cedric', NULL, '', NULL, '', '', '06 47 86 79 32', 'cdarfeuille@me.com', '', '', '', 'm', NULL, 5),
(16419, 'T', 'EL OUAFI ALOUI ', 'Asma', NULL, '', NULL, '', '', '216 92 16 92 05', 'asma.ouafi.aloui@gmail.com', '', '', '', 'f', NULL, 5),
(16420, 'T', 'KETTAF', 'Mohamed', NULL, '', NULL, '', '', '', 'med_khettaf@hotmail.com', '', '', '', 'm', NULL, 5),
(16421, 'T', 'PELLET', 'Julien Mathieu', NULL, '', NULL, '', '', '06 74 92 01 70', 'pelletj@hotmail.fr', '', '', '', 'm', NULL, 5),
(16422, 'T', 'PILLONEL', 'Anthnoy Yvan Romain', NULL, '', NULL, '', '', '06 03 31 14 86', 'anthony-pillonel@orange.fr', '', '', '', 'm', NULL, 5),
(16423, 'T', 'THAMI ALAMI', 'Imane', NULL, '', NULL, '', '', '', 'ithamialami@gmail.com', '', '', '', 'f', NULL, 5),
(16424, 'T', 'BOUHALI', 'Yacine', NULL, '', NULL, '', '', '', 'Bouhali.yacine@free.fr ', '', '', '', 'm', NULL, 5),
(16425, 'T', 'BOUIHAT', 'Brahim', NULL, '', NULL, '', '', '', 'brahmb@gmail.com', '', '', '', 'm', NULL, 5),
(16426, 'T', 'CHIKHI', 'Menad', NULL, '', NULL, '', '', '', 'menadchikhi@gmail.com', '', '', '', 'm', NULL, 5),
(16427, 'T', 'DIALLO', 'Ahmadou', NULL, '', NULL, '', '', '', 'ahmadou_diallo@hotmail.fr', '', '', '', 'm', NULL, 5),
(16428, 'T', 'ELAMRANI', 'Hassane', NULL, '', NULL, '', '', '', 'elamranihassane@gmail.com', '', '', '', 'm', NULL, 5),
(16429, 'T', 'GONNID', 'Manhour', NULL, '', NULL, '', '', '', 'manhour_gonnid@yahoo.com', '', '', '', 'm', NULL, 5),
(16430, 'T', 'LAOUFIMED', 'AMINE ', NULL, '', NULL, '', '', '', 'laoufi.med.amine17@gmail.com', '', '', '', 'm', NULL, 5),
(16431, 'O', 'LATRECHE', 'Mohammed', '1974-04-15', 'cours Emile Zola', 69100, 'Villeurbanne', '', '', 'mlatreche@gmail.com', '', '', '', 'm', '', 5),
(16432, 'T', 'MOHAMMEDI', 'Mustapha', NULL, '', NULL, '', '', '', 'Mohammedi4@yahoo.fr', '', '', '', 'm', NULL, 5),
(16433, 'T', 'PEREAU', 'Mathieu', NULL, '', NULL, '', '', '', 'matper069@gmail.com', '', '', '', 'm', NULL, 5),
(16434, 'T', 'REBANI', 'Marouen', NULL, '', NULL, '', '', '', 'marouen.rebani@gmail.com', '', '', '', 'm', NULL, 5),
(16435, 'T', 'VIALLON', 'Guillaume', NULL, '', NULL, '', '', '', 'gviallon@gmail.com', '', '', '', 'm', NULL, 5),
(16436, 'T', 'ZEBILA', 'Mounir', NULL, '', NULL, '', '', '', 'mounir_ze@yahoo.com', '', '', '', 'm', NULL, 5),
(16437, 'T', 'AMON', 'Rejis', NULL, '', NULL, '', '', '', 'amon_919@hotmail.com', '', '', '', 'm', NULL, 5),
(16438, 'T', 'GASMI', 'Ghazi', NULL, '', NULL, '', '', '', 'ghazi.gasmi@gmail.com', '', '', '', 'm', NULL, 5),
(16439, 'T', 'MARTINS', 'Jean-Marc', NULL, '', NULL, '', '', '', 'martins.jeanmarc@gmail.com', '', '', '', 'm', NULL, 5),
(16440, 'T', 'REIGNEUX', 'Guillaume', NULL, '', NULL, '', '', '', 'guillaume.reigneux@hotmail.fr', '', '', '', 'm', NULL, 5),
(16441, 'T', 'SANOUSSI', 'ABDELMAJID', NULL, '', NULL, '', '', '', 'abdel.sanoussi@gmail.com', '', '', '', 'm', NULL, 5),
(16442, 'T', 'CHANGO', 'Stephane', NULL, '', NULL, '', '', '', 'stephane.chango@hotmail.fr', '', '', '', 'm', NULL, 5),
(16443, 'T', 'HARDALA', 'REDDAD', NULL, '', NULL, '', '', '', 'reddad.hardala@hotmail.com', '', '', '', 'm', NULL, 5),
(16444, 'T', 'MATSIMA', 'DORIAN', NULL, '', NULL, '', '', '', 'dorianmatsima@yahoo.fr', '', '', '', 'm', NULL, 5),
(16445, 'T', 'NESARATNAM', 'ABIRAMI', NULL, '', NULL, '', '', '', 'abiraminesaratnam@yahoo.fr', '', '', '', 'm', NULL, 5),
(16446, 'T', 'NGUYENDUC', 'KIM', NULL, '', NULL, '', '', '', 'kimlong.nguyenduc@gmail.com', '', '', '', 'f', NULL, 5),
(16447, 'T', 'PLANTAZ-NICOUD', 'ELISE', NULL, '', NULL, '', '', '', 'e.plantaznicoud@gmail.com', '', '', '', 'f', NULL, 5),
(16448, 'T', 'KERAUDREN', 'RONAN', NULL, '', NULL, '', '', '', 'ronan.keraudren@hotmail.fr', '', '', '', 'm', NULL, 5),
(16449, 'T', 'EL MASMOUDI', 'MOHAMMED', NULL, '', NULL, '', '', '', 'mas-med@hotmail.fr', '', '', '', 'm', NULL, 5),
(16450, 'T', 'AIT SAADA', 'NAZIM', NULL, '', NULL, '', '', '', 'aitsaada.nazim@gmail.com', '', '', '', 'm', NULL, 5),
(16451, 'T', 'RIAHI', 'RIADH', NULL, '', NULL, '', '', '', 'riadh.riahi@univ-lyon2.fr', '', '', '', 'm', NULL, 5),
(16452, 'T', 'SORT', 'MATHILDE', NULL, '', NULL, '', '', '', 'mathilde-sort@orange.fr', '', '', '', 'f', NULL, 5),
(16453, 'T', 'VANDERVORST', 'MATHIEU', NULL, '', NULL, '', '', '', 'mathieu.van-der-vorst@univ-lyon2.fr', '', '', '', 'm', NULL, 5),
(16454, 'T', 'TALEB', 'OUSSAMA', NULL, '', NULL, '', '', '', 'oussama.taleb7@gmail.com', '', '', '', 'm', NULL, 5),
(16455, 'T', 'AMMOR', 'ISMAIL', NULL, '', NULL, '', '', '', 'i.ammor@outlook.com', '', '', '', 'm', NULL, 5),
(16456, 'T', 'MEHRI', 'YASMINE', NULL, '', NULL, '', '', '', 'yasmine.mehri@gmail.com', '', '', '', 'f', NULL, 5),
(16457, 'T', 'ADRIANO', 'JEREMY', NULL, '', NULL, '', '', '', 'jeremyad@hotmail.fr', '', '', '', 'm', NULL, 5),
(16458, 'T', 'BOULANOUAR', 'NOUREDDINE', NULL, '', NULL, '', '', '', 'noureddine.boulanouar@gmail.com', '', '', '', 'm', NULL, 5),
(16459, 'T', 'LOUENCHI', 'YAZID', NULL, '', NULL, '', '', '', 'louenchi.yazid@outlook.com', '', '', '', 'm', NULL, 5),
(16460, 'T', 'BARNAT', 'NOUHA', NULL, '', NULL, '', '', '', 'nouha.barnat@univ-lyon2.fr', '', '', '', 'f', NULL, 5),
(16461, 'T', 'ZOUHON', 'KOISSI', NULL, '', NULL, '', '', '', 'zouhonc@yahoo.fr', '', '', '', 'm', NULL, 5),
(16462, 'T', 'MORIN', 'THEO', NULL, '', NULL, '', '', '', 'theomor@hotmail.fr', '', '', '', 'm', NULL, 5),
(16463, 'T', 'HADDED', 'Wiem', NULL, '', NULL, '', '', '', 'wiem.hadded@yahoo.com', '', '', '', 'f', NULL, 5),
(16464, 'T', 'BENALI', 'Nedjm Eddine', NULL, '', NULL, '', '', '', 'bn_benali@esi.dz', '', '', '', 'm', NULL, 5),
(16465, 'T', 'HARMIM', 'Mourad', NULL, '', NULL, '', '', '', 'mourad.harmim@live.fr', '', '', '', 'm', NULL, 5),
(16466, 'T', 'LATTALI', 'Ahmed', NULL, '', NULL, '', '', '', 'ba_lattali@esi.dz', '', '', '', 'm', NULL, 5),
(16467, 'T', 'TOUIJER', 'MERYEM', NULL, '', NULL, '', '', '', 'toui.meryem@gmail.com', '', '', '', 'f', NULL, 5),
(16468, 'T', 'NAGY', 'Coralie', NULL, '', NULL, '', '', '', 'nagy.coralie@laposte.fr', '', '', '', 'f', NULL, 5),
(16469, 'T', 'AZZOUZ', 'YOUNESS', NULL, '', NULL, '', '', '', 'youness.azzouzi@gmail.com', '', '', '', 'm', NULL, 5),
(16470, 'T', 'FAURE', 'Dorothee', NULL, '', NULL, '', '', '', '', '', '', '', 'f', NULL, 5),
(16471, 'T', 'Bayad', 'Ali', NULL, '', NULL, '', '', '06 87 68 59 23', 'bayad_ali89@yahoo.com', '', '', '', 'm', NULL, 5),
(16472, 'T', 'BAKLOUTI', 'Fatma', NULL, '', NULL, '', '', '06 75 99 28 43', 'fbaklouti@excite.com', '', '', '', 'f', NULL, 5),
(16473, 'T', 'FERRATON', 'Romain', NULL, '', NULL, '', '', '06 63 25 55 83', 'romf@chello.fr', '', '', '', 'm', NULL, 5),
(16474, 'T', 'Khodri Ziani', 'Siham', NULL, '', NULL, '', '', '', 'siham_z@yahoo.fr', '', '', '', 'f', NULL, 5),
(16475, 'T', 'DEBONO', 'Marjorie', NULL, '', NULL, '', '', '06 24 65 92 17', 'marjorie.debono@etu.univ-lyon2.fr', '', '', '', 'f', NULL, 5),
(16476, 'T', 'LARIBI', 'Adlene', NULL, '', NULL, '', '', '', 'amlaribi@yahoo.fr', '', '', '', 'f', NULL, 5),
(16477, 'T', 'POMET', 'Gwenael', NULL, '', NULL, '', '', '', 'gwepom@yahoo.fr', '', '', '', 'f', NULL, 5),
(16478, 'T', 'TRIAIRE', 'Jean-Jacques', NULL, '', NULL, '', '', '', 'jjacques@netcourrier.com', '', '', '', 'm', NULL, 5),
(16479, 'T', 'CHOQUET', 'Remy', NULL, '', NULL, '', '', '', 'remy.choquet@gmail.com', '', '', '', 'm', NULL, 5),
(16480, 'T', 'AISSA', 'Houssem', NULL, '', NULL, '', '', '', 'houssem.aissa@insa-lyon.fr', '', '', '', 'm', NULL, 5),
(16481, 'T', 'BENABDELLAH', 'Amina', NULL, '', NULL, '', '', '', 'amina.benabdellah@yahoo.fr', '', '', '', 'f', NULL, 5),
(16482, 'T', 'BENZAKOUR', 'Anouar', NULL, '', NULL, '', '', '', 'benzakouranouar@yahoo.fr', '', '', '', 'm', NULL, 5),
(16483, 'T', 'EL KARTITE', 'Hamza', NULL, '', NULL, '', '', '', 'elkartite.hamza@hotmail.fr', '', '', '', 'm', NULL, 5),
(16484, 'T', 'FAYET', 'Damien', NULL, '', NULL, '', '', '', 'fayet.damien63@free.fr', '', '', '', 'm', NULL, 5),
(16485, 'T', 'HAMMOUCHE', 'Yassine', NULL, '', NULL, '', '', '', 'yhammouche@hotmail.com', '', '', '', 'm', NULL, 5),
(16486, 'T', 'NGASSAKI', 'Felijas', NULL, '', NULL, '', '', '', 'felijas@hotmail.com', '', '', '', 'm', NULL, 5),
(16487, 'T', 'TCHITEMBO', 'Serge', NULL, '', NULL, '', '', '', 'serge.tchitembo@wanadoo.fr', '', '', '', 'm', NULL, 5),
(16488, 'T', 'BRACCO', 'Naelle', NULL, '', NULL, '', '', '', '', '', '', '', 'f', NULL, 5),
(16489, 'T', 'LEPAUL', 'Oivier', NULL, '', NULL, '', '', '', '', '', '', '', 'm', NULL, 5),
(16490, 'T', 'YAHYA', 'Bechir', NULL, '', NULL, '', '', '', '', '', '', '', 'm', NULL, 5),
(16491, 'T', 'BERNARD', 'Christophe', NULL, '', NULL, '', '', '', 'c.bernard@alptis.fr', '', '', '', 'm', NULL, 5),
(16492, 'T', 'CHARRONDIERE', 'Sylvain', NULL, '', NULL, '', '', '', 'sylvaincharrondiere@free.fr', '', '', '', 'm', NULL, 5),
(16493, 'T', 'CHASSAGNON', 'Nicolas', NULL, '', NULL, '', '', '', 'nchassagnon@gmail.com', '', '', '', 'm', NULL, 5),
(16494, 'T', 'CHEBANI', 'Karim', NULL, '', NULL, '', '', '', 'karimchebani@hotmail.com', '', '', '', 'm', NULL, 5),
(16495, 'T', 'FERAG', 'Samir', NULL, '', NULL, '', '', '', 'Samir.Ferrag@univ-lyon2.fr', '', '', '', 'm', NULL, 5),
(16496, 'T', 'GRAMMONT', 'Yannick', NULL, '', NULL, '', '', '', 'yannick3005@free.fr', '', '', '', 'm', NULL, 5),
(16497, 'T', 'GRENIER', 'Francois', NULL, '', NULL, '', '', '', 'greinerf@gmail.com', '', '', '', 'm', NULL, 5),
(16498, 'T', 'MLOUKA', 'Sofiene', NULL, '', NULL, '', '', '', 'mlouka_sofiene@yahoo.fr', '', '', '', 'm', NULL, 5),
(16499, 'T', 'KACI', 'Sabrina', NULL, '', NULL, '', '', '', 'sabrinakaci@hotmail.com', '', '', '', 'f', NULL, 5),
(16500, 'T', 'MIZRAHI', 'Sebastien', NULL, '', NULL, '', '', '', 'seb.mizrahi@gmail.com', '', '', '', 'm', NULL, 5),
(16501, 'T', 'NATHAN', 'Marc', NULL, '', NULL, '', '', '06 95 03 14 87', 'marc-nathan@hotmail.fr', '', '', '', 'm', NULL, 5),
(16502, 'T', 'SALAH EDDINE', 'Imane', NULL, '', NULL, '', '', '', 'imane.salaheddine@hotmail.com', '', '', '', 'f', NULL, 5),
(16503, 'T', 'BOYE', 'Mathieu', NULL, '', NULL, '', '', '', '', '', '', '', 'm', NULL, 5),
(16504, 'T', 'HADIJI', 'Mohamed', NULL, '', NULL, '', '', '', '', '', '', '', 'm', NULL, 5),
(16505, 'T', 'PECQUENARD', 'Malika', NULL, '', NULL, '', '', '', '', '', '', '', 'f', NULL, 5),
(16506, 'T', 'NGUYEN', 'Maxime', NULL, '', NULL, '', '', '', '', '', '', '', 'm', NULL, 5),
(16507, 'T', 'DIAO', 'Moussa Junior', NULL, '', NULL, '', '', '', '', '', '', '', 'm', NULL, 5),
(16508, 'T', 'LI', 'Yu', NULL, '', NULL, '', '', '', '', '', '', '', 'm', NULL, 5),
(16509, 'T', 'BIAN', 'Ce', NULL, '', NULL, '', '', '', '', '', '', '', 'm', NULL, 5),
(16510, 'T', 'FRANCESCHINI', 'Anthony', NULL, '', NULL, '', '', '', '', '', '', '', 'm', NULL, 5),
(16511, 'T', 'BORDE', 'Elodie', NULL, '', NULL, '', '', '', '', '', '', '', 'f', NULL, 5),
(16512, 'T', 'CAPOBIANCO', 'Remi', NULL, '', NULL, '', '', '', '', '', '', '', 'm', NULL, 5),
(16513, 'T', 'KARMI', 'Haykel', NULL, '', NULL, '', '', '', '', '', '', '', 'm', NULL, 5),
(16514, 'T', 'JEBABLI', 'Aymen', NULL, '', NULL, '', '', '', '', '', '', '', 'm', NULL, 5),
(16515, 'T', 'GRIGUER', 'Stephane', NULL, '', NULL, '', '', '', '', '', '', '', 'm', NULL, 5),
(16516, 'T', 'KABBARA', 'Ahmad Ghaleb', NULL, '', NULL, '', '', '', '', '', '', '', 'm', NULL, 5),
(16517, 'T', 'LAISSOUB', 'Mohamed', NULL, '', NULL, '', '', '', '', '', '', '', 'm', NULL, 5),
(16518, 'T', 'BOUBIA ', 'Ridha', NULL, '', NULL, '', '', '', '', '', '', '', 'm', NULL, 5),
(16519, 'T', 'ROUANE', 'Lahouari', NULL, '', NULL, '', '', '', '', '', '', '', 'm', NULL, 5),
(16520, 'T', 'BELARIBI', 'Souleymane', NULL, '', NULL, '', '', '', 'b.souleimene@gmail.com', '', '', '', 'm', NULL, 5),
(16521, 'T', 'BEN JANET', 'Makrem', NULL, '', NULL, '', '', '', 'makrem@hotmail.fr', '', '', '', 'm', NULL, 5),
(16522, 'T', 'BOUAZIZ', 'Jamal Eddine', NULL, '', NULL, '', '', '', 'jamal.bouaziz@gmail.com', '', '', '', 'm', NULL, 5),
(16523, 'T', 'BOUCHEFRA', 'Ferhat', NULL, '', NULL, '', '', '', 'bouchefra_ferhat@hotmail.fr', '', '', '', 'm', NULL, 5),
(16524, 'T', 'DESOMBRE', 'Amandine', NULL, '', NULL, '', '', '', 'amandine.desombre@gmail.com', '', '', '', 'f', NULL, 5),
(16525, 'T', 'DIALLO', 'Yaya', NULL, '', NULL, '', '', '', 'yahayadi@gmail.com', '', '', '', 'm', NULL, 5),
(16526, 'T', 'DIALLO', 'Mamadou Kolon', NULL, '', NULL, '', '', '', 'quentin-guigue@live.fr', '', '', '', 'm', NULL, 5),
(16527, 'T', 'GUIGUE', 'Quentin', NULL, '', NULL, '', '', '', 'huynhngouyenkim@yahoo.com', '', '', '', 'm', NULL, 5),
(16528, 'T', 'HUYNH NGO', 'Uyen Kim', NULL, '', NULL, '', '', '', 'laurentiu_ilie1989@yahoo.com', '', '', '', 'f', NULL, 5),
(16529, 'T', 'ILIE', 'Laurentiu Florian', NULL, '', NULL, '', '', '', 'amal88_mathlouthi@hotmail.com', '', '', '', 'm', NULL, 5),
(16530, 'T', 'LOMBARD', 'Flavien', NULL, '', NULL, '', '', '', 'amal88_mathlouthi@hotmail.com', '', '', '', 'm', NULL, 5),
(16531, 'T', 'MATHLOUTHI', 'Amal', NULL, '', NULL, '', '', '', 'laura.meyro@hotmail.fr', '', '', '', 'f', NULL, 5),
(16532, 'T', 'SOULENQ', 'Bastien', NULL, '', NULL, '', '', '', 'g-nadiapaola@yahoo.fr', '', '', '', 'm', NULL, 5),
(16533, 'T', 'BOUDJATTIT', 'Mahdi', NULL, '', NULL, '', '', '', '', '', '', '', 'm', NULL, 5),
(16534, 'T', 'SOUSSI', 'Thouraya', NULL, '', NULL, '', '', '', 'soussi-touraya@hotmail.fr', '', '', '', 'f', NULL, 5),
(16535, 'T', 'LOUKILI', 'Ayyoub', NULL, '', NULL, '', '', '', '', '', '', '', 'm', NULL, 5),
(16536, 'T', 'CARCIOFO', 'Clement', NULL, '', NULL, '', '', '', '', '', '', '', 'm', NULL, 5),
(16537, 'T', 'DIALLO', 'Mamoudou Idiatou', NULL, '', NULL, '', '', '', '', '', '', '', 'm', NULL, 5),
(16538, 'T', 'MARSAN', 'Caleb Emmanuel', NULL, '', NULL, '', '', '', '', '', '', '', 'm', NULL, 5),
(16539, 'T', 'CONTE', 'Francois', NULL, '', NULL, '', '', '', '', '', '', '', 'm', NULL, 5),
(16540, 'T', 'TAVAN ', 'Gregory', NULL, '', NULL, '', '', '', 'gregory.tavan@gmail.com', '', '', '', 'm', NULL, 5),
(16541, 'T', 'CHEN', 'Yanbo', NULL, '', NULL, '', '', '', '', '', '', '', 'm', NULL, 5),
(16542, 'T', 'DELENCRE', 'Brian', NULL, '', NULL, '', '', '', '', '', '', '', 'm', NULL, 5),
(16543, 'T', 'CHAHINE', 'AYMANE', NULL, '', NULL, '', '', '', '', '', '', '', 'm', NULL, 5),
(16544, 'T', 'DARIUS', 'JOHANNE', NULL, '', NULL, '', '', '', '', '', '', '', 'f', NULL, 5),
(16545, 'T', 'EJ-JAKHCH', 'YAHYA', NULL, '', NULL, '', '', '', '', '', '', '', 'm', NULL, 5),
(16546, 'T', 'EL BENDADI', 'MOHAMED AMINE', NULL, '', NULL, '', '', '', '', '', '', '', 'm', NULL, 5),
(16547, 'T', 'ESSAID', 'RACHID', NULL, '', NULL, '', '', '', '', '', '', '', 'm', NULL, 5),
(16548, 'T', 'GHIMOUZ', 'MEHDI', NULL, '', NULL, '', '', '', '', '', '', '', 'm', NULL, 5),
(16549, 'T', 'MAABICH', 'ZAKARIA', NULL, '', NULL, '', '', '', '', '', '', '', 'm', NULL, 5),
(16550, 'T', 'MASSON', 'KENDAL', NULL, '', NULL, '', '', '', '', '', '', '', 'f', NULL, 5),
(16551, 'T', 'NGUYEN', 'BU LAM Delphine', NULL, '', NULL, '', '', '', '', '', '', '', 'f', NULL, 5),
(16552, 'T', 'KHALMOLA', 'Ina', NULL, '', NULL, '', '', '', '', '', '', '', 'f', NULL, 5),
(16553, 'T', 'PICARD', 'Cyrille', NULL, '', NULL, '', '', '', '', '', '', '', 'f', NULL, 5),
(16554, 'T', 'GUINARD', 'Anne-Claire', NULL, '', NULL, '', '', '', '', '', '', '', 'f', NULL, 5),
(16555, 'T', 'NOEL', 'Geraldine', NULL, '', NULL, '', '', '', '', '', '', '', 'f', NULL, 5),
(16556, 'T', 'RASAMIJAO', 'Nirisoa', NULL, '', NULL, '', '', '', '', '', '', '', 'f', NULL, 5),
(16557, 'T', 'WALEHIANE', 'Frederic', NULL, '', NULL, '', '', '', '', '', '', '', 'm', NULL, 5),
(16558, 'T', 'LEPAPE', 'Claire', NULL, '', NULL, '', '', '', '', '', '', '', 'f', NULL, 5),
(16559, 'T', 'TEMPORAL', 'Yannick', NULL, '', NULL, '', '', '', '', '', '', '', 'm', NULL, 5),
(16560, 'T', 'VALLEY', 'Camille', NULL, '', NULL, '', '', '', '', '', '', '', 'f', NULL, 5),
(16561, 'T', 'DUVERGER', 'Raphaelle', NULL, '', NULL, '', '', '', '', '', '', '', 'f', NULL, 5),
(16562, 'T', 'FABREGES', 'Remy', NULL, '', NULL, '', '', '', '', '', '', '', 'm', NULL, 5),
(16563, 'T', 'HERRY', 'Mathieu', NULL, '', NULL, '', '', '', '', '', '', '', 'm', NULL, 5),
(16564, 'T', 'OVIEVE', 'Nadege', NULL, '', NULL, '', '', '', '', '', '', '', 'f', NULL, 5),
(16565, 'T', 'DUCREUX', 'Sylvain', NULL, '', NULL, '', '', '', '', '', '', '', 'm', NULL, 5),
(16566, 'T', 'RUBEN', 'Brice', NULL, '', NULL, '', '', '', '', '', '', '', 'm', NULL, 5),
(16567, 'T', 'DUMONT', 'Christophe', NULL, '', NULL, '', '', '', '', '', '', '', 'm', NULL, 5),
(16568, 'T', 'GRACIEUX', 'Jonathan', NULL, '', NULL, '', '', '', '', '', '', '', 'm', NULL, 5),
(16569, 'T', 'VAL', 'Corinne', NULL, '', NULL, '', '', '', '', '', '', '', 'f', NULL, 5),
(16570, 'T', 'HUGON', 'Pierre', NULL, '', NULL, '', '', '', '', '', '', '', 'm', NULL, 5),
(16571, 'T', 'DELLI', 'Hocine Acine', NULL, '', NULL, '', '', '', '', '', '', '', 'm', NULL, 5),
(16572, 'T', 'EUSTRATIOU', 'Jean Richad', NULL, '', NULL, '', '', '', '', '', '', '', 'm', NULL, 5),
(16573, 'T', 'LEROY', 'Benjamin', NULL, '', NULL, '', '', '', '', '', '', '', 'm', NULL, 5),
(16574, 'T', 'ROBERT', 'Julien', NULL, '', NULL, '', '', '', '', '', '', '', 'm', NULL, 5),
(16575, 'T', 'SEVY', 'Didier', NULL, '', NULL, '', '', '', '', '', '', '', 'm', NULL, 5),
(16576, 'T', 'YU', 'Ching-Sheng', NULL, '', NULL, '', '', '', '', '', '', '', 'm', NULL, 5),
(16577, 'T', 'CHEREL', 'Morgane', NULL, '', NULL, '', '', '', '', '', '', '', 'f', NULL, 5),
(16578, 'T', 'THOMAS', 'Cécile', NULL, '', NULL, '', '', '', '', '', '', '', 'f', NULL, 5),
(16579, 'T', 'AHAMADA  ', 'Selemani', NULL, '', NULL, '', '', '', '', '', '', '', 'm', NULL, 5),
(16580, 'T', 'AZMI ', ' Brahim', NULL, '', NULL, '', '', '', '', '', '', '', 'm', NULL, 5),
(16581, 'T', 'BECHA  ', 'Mohamed', NULL, '', NULL, '', '', '', '', '', '', '', 'm', NULL, 5),
(16582, 'T', 'BENSEGHIR  ', 'Rabah', NULL, '', NULL, '', '', '', '', '', '', '', 'm', NULL, 5),
(16583, 'T', 'BENZAKOUR  ', 'Anouar', NULL, '', NULL, '', '', '', '', '', '', '', 'm', NULL, 5),
(16584, 'T', 'CHAKRI  ', 'Farid', NULL, '', NULL, '', '', '', '', '', '', '', 'm', NULL, 5),
(16585, 'T', 'CHIGROS  ', 'Nicolas', NULL, '', NULL, '', '', '', '', '', '', '', 'm', NULL, 5),
(16586, 'T', 'DAFF ', 'Mamadou', NULL, '', NULL, '', '', '', '', '', '', '', 'm', NULL, 5),
(16587, 'T', 'DUPONT  ', 'Christophe', NULL, '', NULL, '', '', '', '', '', '', '', 'm', NULL, 5),
(16588, 'T', 'FTAILI  ', 'Houda', NULL, '', NULL, '', '', '', '', '', '', '', 'f', NULL, 5),
(16589, 'T', 'GIORGIA  ', 'Sylvain', NULL, '', NULL, '', '', '', '', '', '', '', 'm', NULL, 5),
(16590, 'T', 'HENNOUNI  ', 'Nihal', NULL, '', NULL, '', '', '', '', '', '', '', 'f', NULL, 5),
(16591, 'T', 'KASSIMI  ', 'Chorouk', NULL, '', NULL, '', '', '', '', '', '', '', 'm', NULL, 5),
(16592, 'T', 'LOCTIN  ', 'Emilie', NULL, '', NULL, '', '', '', '', '', '', '', 'f', NULL, 5),
(16593, 'T', 'NGUIADEM ', 'Fondjo', NULL, '', NULL, '', '', '', '', '', '', '', 'f', NULL, 5),
(16594, 'T', 'BOUIFLANE  ', 'Aïssa', NULL, '', NULL, '', '', '', '', '', '', '', 'm', NULL, 5),
(16595, 'T', 'HADDAD ', 'Michael', NULL, '', NULL, '', '', '', '', '', '', '', 'm', NULL, 5),
(16596, 'T', 'ZEDAR ', 'Djamel', NULL, '', NULL, '', '', '', '', '', '', '', 'm', NULL, 5),
(16597, 'T', 'ZAKRZEWSKI ', 'Dominique', NULL, '', NULL, '', '', '', '', '', '', '', 'm', NULL, 5),
(16598, 'T', 'NIANG  ', 'Serigne', NULL, '', NULL, '', '', '', '', '', '', '', 'f', NULL, 5),
(16599, 'T', 'OUAZZANI  ', 'Hamza', NULL, '', NULL, '', '', '', '', '', '', '', 'm', NULL, 5),
(16600, 'T', 'ZOUBIRI', 'Moussa', NULL, '', NULL, '', '', '', '', '', '', '', 'm', NULL, 5),
(16601, 'T', 'TANO', 'Clongossi', NULL, '', NULL, '', '', '', '', '', '', '', 'm', NULL, 5),
(16602, 'T', 'MEGUENNI', 'Abdellah', NULL, '', NULL, '', '', '', '', '', '', '', 'm', NULL, 5),
(16603, 'T', 'MECHEHOUD', 'Youcef', NULL, '', NULL, '', '', '', '', '', '', '', 'm', NULL, 5),
(16604, 'T', 'LAABASSI', 'Mohamed', NULL, '', NULL, '', '', '', '', '', '', '', 'm', NULL, 5),
(16605, 'T', 'IKHLEF', 'Chafik', NULL, '', NULL, '', '', '', '', '', '', '', 'm', NULL, 5),
(16606, 'T', 'GUESSOUM', 'Abdelatif', NULL, '', NULL, '', '', '', '', '', '', '', 'm', NULL, 5),
(16607, 'T', 'BELLOUL', 'Abou-Bakr', NULL, '', NULL, '', '', '', '', '', '', '', 'm', NULL, 5),
(16608, 'T', 'AKNOUCHE', 'Rachid', NULL, '', NULL, '', '', '', '', '', '', '', 'm', NULL, 5),
(16609, 'T', 'RASASAK', 'Vadsana', NULL, '', NULL, '', '', '', '', '', '', '', 'm', NULL, 5),
(16610, 'O', 'AIT HAMADA', 'Taoufik', NULL, NULL, NULL, NULL, NULL, NULL, NULL, NULL, NULL, NULL, NULL, NULL, 2),
(16611, 'T', 'latreche', 'mohammed', NULL, NULL, NULL, NULL, NULL, NULL, '@mail', NULL, NULL, NULL, NULL, NULL, 2),
(16612, 'T', 'Ait hamada', 'Taoufik', NULL, NULL, NULL, NULL, NULL, NULL, '@mail', NULL, NULL, NULL, NULL, NULL, 2),
(16613, 'T', 'latreche', 'mohammed', NULL, NULL, NULL, NULL, NULL, NULL, '@mail', NULL, NULL, NULL, NULL, NULL, 2),
(16614, 'T', 'Ait hamada', 'Taoufik', NULL, NULL, NULL, NULL, NULL, NULL, '@mail', NULL, NULL, NULL, NULL, NULL, 2),
(16615, 'T', 'latreche', 'mohammed', NULL, NULL, NULL, NULL, NULL, NULL, '@mail', NULL, NULL, NULL, NULL, NULL, 2),
(16616, 'T', 'Ait hamada', 'Taoufik', NULL, NULL, NULL, NULL, NULL, NULL, '@mail', NULL, NULL, NULL, NULL, NULL, 2);

-- --------------------------------------------------------

--
-- Structure de la table `Ville`
--

CREATE TABLE `Ville` (
  `Id_CP` varchar(5) NOT NULL,
  `Libelle_ville` varchar(25) DEFAULT NULL
) ENGINE=InnoDB DEFAULT CHARSET=utf8;

--
-- Déchargement des données de la table `Ville`
--

INSERT INTO `Ville` (`Id_CP`, `Libelle_ville`) VALUES
('69100', 'Villeurbanne');

--
-- Index pour les tables déchargées
--

--
-- Index pour la table `candidat`
--
ALTER TABLE `candidat`
  ADD PRIMARY KEY (`candidat_id`),
  ADD KEY `CP_index` (`CP`),
  ADD KEY `promotion_index` (`promotion`);

--
-- Index pour la table `documents`
--
ALTER TABLE `documents`
  ADD PRIMARY KEY (`id_doc`);

--
-- Index pour la table `documents2etudiants2missions`
--
ALTER TABLE `documents2etudiants2missions`
  ADD KEY `fk_documents` (`id_doc`),
  ADD KEY `fk_etudiants` (`id_etu`),
  ADD KEY `fk_missions` (`id_mission`);

--
-- Index pour la table `emploi`
--
ALTER TABLE `emploi`
  ADD PRIMARY KEY (`emploi_id`);

--
-- Index pour la table `entreprise`
--
ALTER TABLE `entreprise`
  ADD PRIMARY KEY (`idEntreprise`);

--
-- Index pour la table `etudiant`
--
ALTER TABLE `etudiant`
  ADD PRIMARY KEY (`NumEtudiant`),
  ADD KEY `FK_formation` (`idFormation`),
  ADD KEY `FK_Utilisateur` (`NumUtilisateur`),
  ADD KEY `FK_emploi` (`emploi_id`);

--
-- Index pour la table `formation`
--
ALTER TABLE `formation`
  ADD PRIMARY KEY (`idFormation`);

--
-- Index pour la table `inscrire`
--
ALTER TABLE `inscrire`
  ADD PRIMARY KEY (`NumEtudiant`,`idFormation`,`anneeInscrire`),
  ADD KEY `FK_inscrire_idFormation` (`idFormation`);

--
-- Index pour la table `keyword`
--
ALTER TABLE `keyword`
  ADD PRIMARY KEY (`idKeyword`);

--
-- Index pour la table `missions`
--
ALTER TABLE `missions`
  ADD PRIMARY KEY (`id_mission`);

--
-- Index pour la table `missions2etudiants`
--
ALTER TABLE `missions2etudiants`
  ADD KEY `fk_missions` (`id_mission`),
  ADD KEY `fk_etudiants` (`id_etu`);

--
-- Index pour la table `module`
--
ALTER TABLE `module`
  ADD PRIMARY KEY (`idModule`);

--
-- Index pour la table `page`
--
ALTER TABLE `page`
  ADD PRIMARY KEY (`idPage`),
  ADD KEY `FK_page_idModule` (`idModule`);

--
-- Index pour la table `role`
--
ALTER TABLE `role`
  ADD PRIMARY KEY (`idRole`);

--
-- Index pour la table `utilisateur`
--
ALTER TABLE `utilisateur`
  ADD PRIMARY KEY (`NumUtilisateur`),
  ADD KEY `FK_Utilisateur_idRole` (`idRole`);

--
-- Index pour la table `Ville`
--
ALTER TABLE `Ville`
  ADD PRIMARY KEY (`Id_CP`);

--
-- AUTO_INCREMENT pour les tables déchargées
--

--
-- AUTO_INCREMENT pour la table `candidat`
--
ALTER TABLE `candidat`
  MODIFY `candidat_id` int(11) NOT NULL AUTO_INCREMENT;
--
-- AUTO_INCREMENT pour la table `emploi`
--
ALTER TABLE `emploi`
  MODIFY `emploi_id` int(11) NOT NULL AUTO_INCREMENT, AUTO_INCREMENT=770;
--
-- AUTO_INCREMENT pour la table `entreprise`
--
ALTER TABLE `entreprise`
  MODIFY `idEntreprise` int(11) NOT NULL AUTO_INCREMENT, AUTO_INCREMENT=53;
--
-- AUTO_INCREMENT pour la table `etudiant`
--
ALTER TABLE `etudiant`
  MODIFY `NumEtudiant` int(11) NOT NULL AUTO_INCREMENT, AUTO_INCREMENT=712;
--
-- AUTO_INCREMENT pour la table `formation`
--
ALTER TABLE `formation`
  MODIFY `idFormation` int(11) NOT NULL AUTO_INCREMENT, AUTO_INCREMENT=12;
--
-- AUTO_INCREMENT pour la table `keyword`
--
ALTER TABLE `keyword`
  MODIFY `idKeyword` int(11) NOT NULL AUTO_INCREMENT;
--
-- AUTO_INCREMENT pour la table `missions`
--
ALTER TABLE `missions`
  MODIFY `id_mission` int(5) NOT NULL AUTO_INCREMENT, AUTO_INCREMENT=884;
--
-- AUTO_INCREMENT pour la table `module`
--
ALTER TABLE `module`
  MODIFY `idModule` int(11) NOT NULL AUTO_INCREMENT, AUTO_INCREMENT=14;
--
-- AUTO_INCREMENT pour la table `page`
--
ALTER TABLE `page`
  MODIFY `idPage` int(11) NOT NULL AUTO_INCREMENT, AUTO_INCREMENT=55;
--
-- AUTO_INCREMENT pour la table `role`
--
ALTER TABLE `role`
  MODIFY `idRole` int(11) NOT NULL AUTO_INCREMENT, AUTO_INCREMENT=6;
--
-- AUTO_INCREMENT pour la table `utilisateur`
--
ALTER TABLE `utilisateur`
  MODIFY `NumUtilisateur` int(11) NOT NULL AUTO_INCREMENT, AUTO_INCREMENT=16617;
--
-- Contraintes pour les tables déchargées
--

--
-- Contraintes pour la table `etudiant`
--
ALTER TABLE `etudiant`
  ADD CONSTRAINT `FK_Utilisateur` FOREIGN KEY (`NumUtilisateur`) REFERENCES `utilisateur` (`NumUtilisateur`),
  ADD CONSTRAINT `FK_formation` FOREIGN KEY (`idFormation`) REFERENCES `formation` (`idFormation`);

/*!40101 SET CHARACTER_SET_CLIENT=@OLD_CHARACTER_SET_CLIENT */;
/*!40101 SET CHARACTER_SET_RESULTS=@OLD_CHARACTER_SET_RESULTS */;
/*!40101 SET COLLATION_CONNECTION=@OLD_COLLATION_CONNECTION */;
